번호,기간,고급휘발유,휘발유,경유,실내등유
A0006683,20260629,0,2060,2050,1650
A0004789,20260629,0,1949,1939,0
A0006668,20260629,0,1947,1897,0
A0006771,20260629,0,1994,1989,0
A0006770,20260629,0,1994,1989,0
A0006570,20260629,0,1980,1970,0
A0006502,20260629,0,1909,1895,0
A0006716,20260629,0,2017,1998,1600
A0000576,20260629,0,1987,1977,1600
A0006781,20260629,0,2098,2087,0
A0006347,20260629,0,1940,1930,1500
A0006642,20260629,0,1949,1899,0
A0006358,20260629,0,2020,2010,0
A0006633,20260629,0,2029,2019,0
A0006362,20260629,0,2045,2035,1650
A0006827,20260629,0,2095,2065,1700
A0006363,20260629,0,2040,2030,1650
A0006810,20260629,0,2035,2030,1650
A0006521,20260629,0,1949,1945,0
A0001236,20260629,2516,1999,2029,1650
A0006647,20260629,0,2050,2050,1650
A0006539,20260629,0,1917,1906,0
A0006747,20260629,2359,1956,1947,1550
A0006360,20260629,0,2040,2030,1650
A0001183,20260629,0,2040,2030,1650
A0006465,20260629,0,2050,2040,1650
A0006809,20260629,0,2038,2028,1650
A0006653,20260629,2337,1918,1905,1600
A0006357,20260629,0,2038,2028,1650
A0009746,20260629,0,1949,1895,1600
A0003635,20260629,2467,1942,1930,1560
A0006824,20260629,0,2078,2068,0
A0006489,20260629,0,2016,2006,0
A0006359,20260629,0,2070,2070,1650
A0006828,20260629,2337,1919,1904,0
A0006673,20260629,0,2040,2035,1650
A0004441,20260629,0,2030,1988,0
A0016950,20260629,2429,1998,1989,1650
A0006583,20260629,0,2009,1998,0
A0006712,20260629,2390,1979,1959,1600
A0005390,20260629,0,1899,1899,0
A0005606,20260629,2264,1844,1844,0
A0005303,20260629,2358,1921,1911,0
A0005418,20260629,2393,1971,1960,0
A0005598,20260629,2263,1844,1844,1590
A0032941,20260629,0,1844,1844,0
A0005443,20260629,0,1999,2079,0
A0005555,20260629,2264,1844,1844,0
A0005266,20260629,2264,1844,1844,0
A0005463,20260629,2264,1844,1844,1500
A0005571,20260629,2264,1844,1844,0
A0005508,20260629,0,1844,1844,0
A0005271,20260629,2319,1894,1894,0
A0005611,20260629,0,1999,1999,0
A0000663,20260629,2411,1971,1963,0
A0005524,20260629,0,1895,1865,0
A0005574,20260629,2459,1974,1974,0
A0009164,20260629,0,1999,1999,1600
A0005110,20260629,2536,2057,2047,0
A0005495,20260629,2386,1849,1849,0
A0005438,20260629,2290,1897,1887,1595
A0005509,20260629,2349,1922,1903,0
A0005493,20260629,2433,2008,2003,0
A0011920,20260629,2430,1998,1990,0
A0005542,20260629,0,1844,1844,1700
A0005154,20260629,2264,1844,1844,0
A0005326,20260629,0,1844,1844,0
A0005391,20260629,2264,1844,1844,0
A0005440,20260629,2538,1989,1976,0
A0011917,20260629,0,1944,1948,0
A0005161,20260629,0,1847,1847,0
A0005511,20260629,2399,1849,1799,0
A0011919,20260629,2433,1971,1961,1650
A0033510,20260629,0,1990,1988,0
A0033509,20260629,0,1990,1988,0
A0005163,20260629,0,1844,1844,1600
A0005546,20260629,2279,1895,1885,1590
A0005579,20260629,0,1971,1844,0
A0005504,20260629,2279,1887,1882,0
A0005525,20260629,2264,1844,1844,0
A0005533,20260629,2454,1994,1962,0
A0033106,20260629,2454,1999,1953,0
A0005430,20260629,0,1955,1918,1600
A0005566,20260629,2264,1844,1844,0
A0005523,20260629,0,1892,1887,1590
A0005556,20260629,0,1844,1844,0
A0005530,20260629,0,1999,2009,0
A0033168,20260629,0,1965,1955,0
A0005522,20260629,2398,1971,1981,0
A0005434,20260629,2312,1971,1961,0
A0005297,20260629,0,1911,1911,0
A0005519,20260629,2363,1971,1971,0
A0005477,20260629,0,1844,1844,0
A0005144,20260629,2497,1987,1927,0
A0005367,20260629,0,1971,1961,1650
A0007113,20260629,0,1968,1965,0
A0005109,20260629,2374,1971,1961,0
A0005066,20260629,2500,1971,1961,1600
A0005470,20260629,0,1948,1935,1550
A0005481,20260629,2345,1949,1949,1700
A0005277,20260629,0,1837,1827,0
A0005311,20260629,0,1989,1979,1590
A0000644,20260629,2264,1844,1844,0
A0000640,20260629,2279,1887,1882,0
A0005083,20260629,0,1997,1997,1600
A0005441,20260629,0,1854,1854,1600
A0005234,20260629,2299,1895,1898,0
A0005436,20260629,0,1844,1844,0
A0005181,20260629,0,1844,1844,0
A0005442,20260629,0,1884,1884,0
A0005298,20260629,0,1899,1899,1600
A0011921,20260629,0,1844,1844,0
A0000110,20260629,2377,1867,1867,1700
A0005348,20260629,0,2027,2017,1650
A0005253,20260629,0,1994,1984,0
A0005103,20260629,0,1911,1911,1700
A0005557,20260629,0,1854,1854,1600
A0005279,20260629,2437,1997,1977,0
A0005609,20260629,0,1847,1847,0
A0005528,20260629,0,1874,1864,0
A0015996,20260629,0,1971,1961,0
A0005250,20260629,0,2099,2099,0
A0005238,20260629,0,1968,1958,0
A0033063,20260629,0,2057,2047,0
A0005264,20260629,0,1854,1854,0
A0005258,20260629,0,1996,1995,0
A0005157,20260629,2312,1884,1884,0
A0000643,20260629,0,1987,1977,0
A0005149,20260629,2264,1844,1844,0
A0005446,20260629,0,1864,1864,0
A0005577,20260629,0,1897,1844,1480
A0005329,20260629,0,1999,1999,1700
A0005608,20260629,0,1999,1999,1730
A0005121,20260629,2389,1972,1959,0
A0005459,20260629,0,1977,1977,0
A0005272,20260629,0,1844,1844,0
A0011918,20260629,0,1894,1894,0
A0011916,20260629,0,1977,1967,0
A0005309,20260629,0,1969,1965,1700
A0013379,20260629,0,1928,1928,0
A0005565,20260629,0,1855,1855,1600
A0033790,20260629,2284,1870,1860,0
A0000730,20260629,0,1975,1955,1700
A0004234,20260629,0,1847,1847,1650
A0006879,20260629,0,1895,1898,1550
A0005281,20260629,0,1844,1844,0
A0009754,20260629,0,1844,1844,0
A0005190,20260629,0,1997,1997,0
A0005180,20260629,2437,1847,1847,0
A0005214,20260629,2344,1844,1844,1600
A0005604,20260629,2392,1844,1844,1700
A0005355,20260629,2427,1967,1937,1650
A0005547,20260629,0,1967,1937,0
A0001896,20260629,0,1971,1961,0
A0005372,20260629,0,1979,1969,1700
A0005300,20260629,0,1844,1844,0
A0005070,20260629,2448,1918,1898,0
A0005397,20260629,0,1999,1997,1700
A0005613,20260629,2353,1895,1885,0
A0005406,20260629,0,2019,1999,0
A0005614,20260629,0,1844,1844,0
A0000154,20260629,0,1939,1929,1400
A0006413,20260629,0,1844,1844,0
A0005162,20260629,0,1956,1926,1600
A0005288,20260629,2342,1844,1844,0
A0005302,20260629,2344,1844,1844,0
A0011915,20260629,0,1948,1938,0
A0008210,20260629,2326,1941,1943,1657
A0008174,20260629,0,1998,1995,1680
A0008218,20260629,2445,2025,2015,0
A0008402,20260629,0,1988,1978,1650
A0006886,20260629,2340,1938,1914,0
A0008289,20260629,0,1985,1975,0
A0012035,20260629,2644,2088,2078,0
A0006877,20260629,0,1846,1826,0
A0000004,20260629,2455,1979,1969,0
A0000253,20260629,0,1846,1826,0
A0008390,20260629,0,1868,1858,1670
A0006041,20260629,0,1938,1928,1600
A0008426,20260629,0,1846,1826,0
A0008276,20260629,0,2089,2079,1780
A0006859,20260629,0,1938,1928,0
A0008346,20260629,0,2094,2083,0
A0008349,20260629,0,1968,1958,0
A0008301,20260629,0,1998,1998,0
A0006829,20260629,0,1847,1827,0
A0006857,20260629,2458,1938,1928,1630
A0008322,20260629,0,1955,1945,0
A0006856,20260629,0,1898,1899,0
A0008422,20260629,2460,1978,1978,0
A0005861,20260629,0,1978,1967,1490
A0006858,20260629,2458,1938,1928,1600
A0006853,20260629,2398,1846,1826,0
A0008429,20260629,2458,1938,1928,0
A0006855,20260629,0,1938,1928,0
A0008143,20260629,0,1979,1969,0
A0006874,20260629,2295,1895,1875,0
A0011922,20260629,0,1980,1975,1500
A0004144,20260629,2450,1923,1923,0
A0003743,20260629,0,1988,1986,1600
A0004022,20260629,2389,2012,1996,1650
A0004067,20260629,0,1955,1955,1700
A0003858,20260629,0,1975,1975,0
A0003604,20260629,2455,1965,1965,1700
A0004026,20260629,0,1894,1887,1600
A0003969,20260629,0,1938,1958,1650
A0009995,20260629,0,2119,2119,1750
A0003590,20260629,2314,1937,1921,1660
A0004090,20260629,2310,1924,1924,0
A0004075,20260629,2329,1934,1909,0
A0004151,20260629,2349,1919,1908,0
A0003584,20260629,0,2097,2095,1650
A0011929,20260629,0,1975,1965,1600
A0004095,20260629,0,1914,1955,0
A0010055,20260629,0,2035,2025,1700
A0004141,20260629,0,1894,1887,0
A0003616,20260629,0,1856,1843,0
A0004149,20260629,0,1945,1925,0
A0003637,20260629,2495,1975,1975,1700
A0007151,20260629,0,1898,1898,0
A0011938,20260629,0,1925,1925,0
A0033083,20260629,0,1899,1889,0
A0033084,20260629,0,1899,1889,0
A0003585,20260629,0,1955,1925,1600
A0003794,20260629,0,1998,1998,1750
A0007327,20260629,2425,1976,1967,1600
A0003680,20260629,2389,2012,1996,1680
A0011932,20260629,0,1995,1989,1700
A0004041,20260629,0,1995,1989,1700
A0011926,20260629,0,1898,1898,0
A0003981,20260629,0,1924,1924,0
A0005644,20260629,0,1985,1975,0
A0004206,20260629,2415,1985,1975,0
A0003469,20260629,0,1925,1925,0
A0003778,20260629,0,2016,2016,0
A0025546,20260629,0,1964,1967,1630
A0011923,20260629,0,1995,2005,0
A0004038,20260629,0,1998,1998,1600
A0003912,20260629,2395,1935,1935,1600
A0003627,20260629,2499,2049,2039,1700
A0003673,20260629,0,1976,1967,1580
A0004203,20260629,0,1975,1975,0
A0003509,20260629,2405,1955,1955,0
A0003983,20260629,2455,1975,1975,0
A0004082,20260629,0,1899,1899,0
A0003444,20260629,2455,1975,1975,1600
A0003982,20260629,2298,1924,1955,0
A0003559,20260629,2455,1965,1955,0
A0003911,20260629,2455,1925,1925,0
A0003642,20260629,0,1975,1965,1700
A0003460,20260629,0,1926,1925,1600
A0003736,20260629,0,1993,1983,1650
A0021067,20260629,0,1995,1995,1700
A0011937,20260629,0,1976,1964,0
A0003947,20260629,0,2189,2199,1750
A0003955,20260629,0,2013,1975,0
A0009055,20260629,0,1995,1995,0
A0002110,20260629,0,1979,1925,0
A0011933,20260629,0,1975,1975,0
A0003587,20260629,0,1988,1960,0
A0003868,20260629,0,2026,2019,0
A0004040,20260629,0,1979,1964,1850
A0003655,20260629,2440,1975,1965,1700
A0010024,20260629,0,2065,2055,1700
A0003698,20260629,0,2012,1996,1700
A0003465,20260629,0,1926,1925,1710
A0003799,20260629,0,1985,1975,0
A0004039,20260629,0,1995,1995,1800
A0003589,20260629,0,2058,2048,0
A0003586,20260629,0,1897,1942,0
A0003593,20260629,2396,1970,1956,0
A0011930,20260629,0,1925,1925,0
A0004072,20260629,2465,1994,1970,0
A0003452,20260629,2465,1995,1985,1750
A0009244,20260629,0,1859,1859,0
A0006457,20260629,2324,1920,1903,0
A0006567,20260629,2324,1923,1903,0
A0006752,20260629,2349,1924,1903,0
A0006767,20260629,2389,1873,1810,1500
A0006736,20260629,0,1998,1967,0
A0006301,20260629,0,1988,1974,0
A0006308,20260629,0,1873,1873,0
A0033432,20260629,0,1864,1996,0
A0033119,20260629,0,1864,1996,0
A0006729,20260629,0,1873,1873,0
A0007117,20260629,0,1879,1869,1650
A0006733,20260629,0,2005,1977,1600
A0006625,20260629,2395,1945,1945,0
A0006806,20260629,2269,1879,1869,0
A0006572,20260629,2490,1999,1977,1750
A0006660,20260629,2509,1954,1924,0
A0006497,20260629,0,2014,1999,0
A0001923,20260629,0,1968,1968,0
A0001962,20260629,0,1883,1884,1600
A0001955,20260629,2357,1937,1929,0
A0001191,20260629,0,1894,1884,0
A0001917,20260629,2509,2034,2019,1620
A0001969,20260629,2493,2004,1999,0
A0002542,20260629,0,1875,1875,0
A0001977,20260629,0,1847,1847,0
A0001911,20260629,0,1878,1878,0
A0001942,20260629,0,1894,1884,0
A0001966,20260629,0,1893,1883,0
A0001943,20260629,0,1883,1884,0
A0033703,20260629,2409,1898,1898,0
A0001982,20260629,0,1999,1999,0
A0033216,20260629,0,1999,1994,0
A0007776,20260629,2430,1868,1856,1630
A0007934,20260629,2294,1868,1856,1500
A0007554,20260629,0,1884,1884,0
A0007907,20260629,0,1975,1939,1650
A0007753,20260629,0,1876,1876,0
A0001601,20260629,0,1884,1884,0
A0008098,20260629,2369,1869,2049,0
A0007874,20260629,0,1959,1939,0
A0008035,20260629,2369,1869,1869,0
A0007957,20260629,0,1949,1929,1690
A0007853,20260629,0,1868,1856,1630
A0019433,20260629,0,1868,1856,0
A0001756,20260629,2287,1868,1856,0
A0009878,20260629,0,1973,1959,0
A0007710,20260629,2399,1869,1869,0
A0007956,20260629,2434,1972,1895,0
A0007685,20260629,2372,1869,1869,1580
A0007739,20260629,0,1947,1935,1550
A0007556,20260629,0,1896,1884,1525
A0007579,20260629,0,1995,1995,1700
A0007780,20260629,2294,1895,1895,0
A0033213,20260629,0,1868,1856,0
A0033493,20260629,0,1978,1975,0
A0033000,20260629,0,1970,1950,0
A0033481,20260629,2287,1868,1856,0
A0033565,20260629,0,1859,1849,0
A0007597,20260629,0,1939,1899,1630
A0007750,20260629,2385,1937,1937,1700
A0005804,20260629,0,1978,1948,0
A0032928,20260629,2389,1884,1884,0
A0011949,20260629,0,1884,1873,1550
A0011942,20260629,2294,1895,1895,0
A0008082,20260629,2287,1958,1928,0
A0008039,20260629,2538,2147,2137,0
A0007571,20260629,2375,1868,1856,0
A0007573,20260629,0,1873,1863,1700
A0007830,20260629,0,1868,1846,1500
A0007613,20260629,0,1973,1968,1600
A0007738,20260629,0,1947,1948,1650
A0033221,20260629,2385,1929,1929,0
A0008057,20260629,2385,1937,1929,1600
A0007637,20260629,0,1975,1939,1650
A0007931,20260629,0,1895,1895,0
A0007692,20260629,0,1979,1939,1650
A0013033,20260629,0,1959,1938,1600
A0007840,20260629,0,1868,1856,1630
A0007650,20260629,0,1876,1876,0
A0011944,20260629,0,1846,1846,0
A0000484,20260629,2287,1899,1894,0
A0001593,20260629,0,1899,1859,0
A0007740,20260629,0,1958,1888,1688
A0007631,20260629,0,1998,1895,1650
A0007833,20260629,0,1895,1895,0
A0011950,20260629,2385,1969,1939,0
A0007872,20260629,0,1959,1895,0
A0008458,20260629,0,1895,1895,1640
A0007791,20260629,2438,1995,1968,1700
A0008021,20260629,0,1974,1964,1650
A0008018,20260629,0,1979,1969,1650
A0033061,20260629,0,1979,1969,1650
A0007634,20260629,0,1957,1936,1600
A0000869,20260629,0,1997,1877,0
A0007578,20260629,0,1975,1978,0
A0007855,20260629,0,1998,1948,0
A0007572,20260629,0,2019,1989,1700
A0007935,20260629,0,1985,1936,1650
A0005889,20260629,0,1996,1969,0
A0011946,20260629,0,1895,1895,0
A0006286,20260629,0,1959,1938,0
A0007870,20260629,0,2015,1964,1650
A0007577,20260629,0,1987,1977,0
A0007912,20260629,0,2099,2099,0
A0033702,20260629,2530,1891,1912,0
A0033729,20260629,0,1859,1849,0
A0006158,20260629,0,1959,1938,1600
A0007889,20260629,0,1995,1995,1650
A0007581,20260629,0,1964,1953,0
A0008084,20260629,2287,1928,1928,0
A0007955,20260629,0,1848,1848,0
A0011945,20260629,0,1848,1848,0
A0033427,20260629,0,1979,1978,0
A0006697,20260629,0,1895,1895,0
A0033388,20260629,2320,1904,1894,0
A0007821,20260629,0,2015,1998,1700
A0008100,20260629,2385,1969,1938,0
A0006649,20260629,0,1899,1899,0
A0006826,20260629,0,1919,1919,0
A0006821,20260629,2269,1879,1869,1520
A0010050,20260629,0,1897,1895,0
A0033404,20260629,0,1990,1970,0
A0006669,20260629,0,1980,1995,1600
A0006748,20260629,2450,2010,2000,1600
A0006617,20260629,0,1957,1898,0
A0006631,20260629,0,1898,1898,1650
A0004016,20260629,0,1975,1960,1600
A0006802,20260629,0,1899,1899,0
A0009717,20260629,0,2020,2020,0
A0006435,20260629,0,1898,1894,0
A0033182,20260629,0,1976,1965,0
A0006739,20260629,2324,1909,1903,0
A0006822,20260629,2343,1933,1903,1595
A0006797,20260629,2304,1913,1905,0
A0006796,20260629,2304,1913,1905,0
A0006593,20260629,2435,2006,1978,0
A0006787,20260629,2353,1927,1903,0
A0006444,20260629,2387,1893,1887,0
A0006635,20260629,0,2055,2045,0
A0006376,20260629,0,2088,2078,1750
A0004305,20260629,0,2037,2027,1600
A0006325,20260629,0,1985,1965,0
A0006801,20260629,2393,1938,1928,0
A0033515,20260629,0,1975,1965,0
A0006589,20260629,2427,1983,1969,0
A0033739,20260629,0,2099,2089,0
A0033740,20260629,0,2099,2089,0
A0000580,20260629,2395,1955,1955,0
A0006725,20260629,0,1899,1899,0
A0006316,20260629,0,1999,1995,1650
A0006368,20260629,0,1999,1997,1650
A0031916,20260629,2399,1999,1998,0
A0024439,20260629,0,1980,1995,1650
A0000081,20260629,0,1988,1959,1550
A0006311,20260629,0,2045,2035,1650
A0006645,20260629,0,1995,1995,1650
A0009183,20260629,2510,1998,1995,0
A0006315,20260629,0,2038,2038,0
A0006527,20260629,0,1905,1899,0
A0006686,20260629,0,1971,1967,1500
A0006442,20260629,0,1985,1980,1620
A0006405,20260629,0,1995,1995,0
A0006562,20260629,0,2047,1998,1750
A0006409,20260629,0,1993,1983,0
A0032667,20260629,0,1995,1985,1650
A0033420,20260629,0,1996,1978,0
A0006648,20260629,0,1997,1978,0
A0006594,20260629,0,1995,1995,1650
A0009801,20260629,0,1943,1927,1500
A0006327,20260629,0,1895,1895,1500
A0006657,20260629,0,1943,1927,0
A0006696,20260629,2458,1995,1973,0
A0006651,20260629,0,1995,1985,1650
A0006319,20260629,0,1964,1957,1780
A0006324,20260629,0,1995,1995,1600
A0001062,20260629,0,1957,1957,0
A0032691,20260629,0,1940,1920,0
A0006456,20260629,0,1955,1955,1520
A0006608,20260629,0,1940,1920,0
A0006762,20260629,2490,1893,1887,1550
A0006314,20260629,0,1893,1887,0
A0006598,20260629,0,2034,2023,1800
A0006526,20260629,0,1985,1965,1600
A0009281,20260629,0,2045,2035,0
A0003564,20260629,0,1993,1993,1510
A0006505,20260629,0,1977,1958,0
A0006352,20260629,2490,2045,2035,0
A0006552,20260629,0,1999,1998,0
A0006395,20260629,0,1955,1945,1650
A0006609,20260629,0,1989,1989,0
A0006689,20260629,0,1977,1958,1600
A0006468,20260629,0,1998,1983,1600
A0007697,20260629,0,2019,1979,1650
A0011485,20260629,0,1898,1889,0
A0006800,20260629,0,1919,1919,0
A0006454,20260629,0,2014,1994,0
A0033039,20260629,2289,1905,1899,0
A0006666,20260629,0,1990,1970,0
A0006600,20260629,0,1975,1965,0
A0006734,20260629,0,1899,1899,0
A0006366,20260629,0,1898,1889,1890
A0006807,20260629,0,1899,1899,0
A0006328,20260629,0,2044,2038,0
A0006719,20260629,0,1980,1970,1600
A0006439,20260629,0,1957,1957,1500
A0006624,20260629,0,1947,1937,1640
A0006529,20260629,0,1899,1899,0
A0006354,20260629,0,2015,2005,0
A0013164,20260629,2494,1899,1899,1750
A0033309,20260629,2394,1984,1974,0
A0000583,20260629,0,1969,1965,1600
A0006592,20260629,0,1975,1955,1650
A0006671,20260629,0,1967,1947,1600
A0011876,20260629,0,1956,1946,1700
A0004964,20260629,0,1978,1958,1700
A0010074,20260629,0,2025,2015,0
A0004570,20260629,2394,1894,1884,0
A0011909,20260629,0,2095,2085,1745
A0004772,20260629,0,1879,1863,0
A0004474,20260629,0,1988,1978,0
A0006959,20260629,0,2068,2018,1799
A0004753,20260629,0,1894,1884,0
A0004683,20260629,0,1958,1948,0
A0004281,20260629,0,2038,2088,1700
A0006118,20260629,0,2027,2017,1590
A0004626,20260629,0,2047,2038,0
A0009752,20260629,0,1978,1958,1530
A0004744,20260629,0,1959,1939,1650
A0004733,20260629,0,1938,1938,1700
A0000471,20260629,2385,1865,1865,0
A0006092,20260629,2398,1895,1965,0
A0033464,20260629,2358,1908,1880,0
A0005907,20260629,0,1850,1820,1550
A0006291,20260629,0,1895,1849,0
A0005958,20260629,0,1864,1864,0
A0000250,20260629,0,1863,1870,0
A0006057,20260629,0,1869,1819,0
A0005925,20260629,0,2089,2039,1650
A0010259,20260629,2385,1869,1869,0
A0000041,20260629,2385,1869,1869,0
A0006069,20260629,2484,2064,1993,1630
A0006107,20260629,2295,1859,1858,0
A0005850,20260629,2389,1869,1869,1590
A0005865,20260629,2385,1865,1865,0
A0006099,20260629,0,1869,1869,0
A0002002,20260629,2430,1985,1985,0
A0005921,20260629,0,1968,1989,0
A0006091,20260629,0,1868,1868,1530
A0005818,20260629,2360,1938,2001,0
A0006062,20260629,0,1957,1937,0
A0006101,20260629,0,1998,1998,0
A0006063,20260629,2437,1987,1987,0
A0005891,20260629,0,1869,1869,0
A0005915,20260629,0,1975,1969,1690
A0005867,20260629,0,1892,1879,0
A0006022,20260629,0,1983,1939,1720
A0005910,20260629,2429,1968,1938,1800
A0000537,20260629,0,1977,1966,1600
A0006082,20260629,0,1987,1987,1520
A0005920,20260629,0,1967,1957,0
A0033411,20260629,2330,0,1830,0
A0005963,20260629,0,1968,1938,0
A0033302,20260629,2460,1948,1920,0
A0000363,20260629,0,2198,2188,1800
A0005806,20260629,2340,1859,1858,1720
A0006106,20260629,0,1998,1998,0
A0005926,20260629,2295,1859,1798,0
A0006061,20260629,2437,1987,1987,0
A0000494,20260629,2440,1895,1899,1509
A0033306,20260629,2320,1908,1910,0
A0005902,20260629,0,2098,2055,1830
A0006038,20260629,2498,2004,1983,0
A0000934,20260629,0,2029,2028,1600
A0005980,20260629,2499,2034,2034,0
A0001703,20260629,2333,1953,1953,0
A0033725,20260629,2450,1968,1968,0
A0005789,20260629,2470,2043,2042,1700
A0005791,20260629,2460,2059,2055,0
A0009031,20260629,2597,1998,1998,0
A0005758,20260629,2310,1924,1924,0
A0005768,20260629,2308,1942,1913,0
A0005765,20260629,2272,1937,1913,0
A0005769,20260629,2305,1948,1948,0
A0009029,20260629,2499,1878,1878,0
A0005783,20260629,2395,1887,1877,0
A0005784,20260629,2395,1887,1877,0
A0005793,20260629,0,2088,2088,0
A0005743,20260629,0,1998,1958,1600
A0005802,20260629,0,1945,1945,0
A0005759,20260629,0,1879,1819,1510
A0004171,20260629,2395,1874,1813,0
A0005682,20260629,0,2047,2068,1785
A0005797,20260629,2358,1898,1898,0
A0005056,20260629,2268,1933,1913,0
A0005750,20260629,2454,2044,1943,0
A0001932,20260629,2499,1998,1998,0
A0005788,20260629,2450,1934,1923,0
A0005755,20260629,2450,1948,1942,0
A0005746,20260629,2383,2017,1988,0
A0005763,20260629,0,1994,1993,1638
A0009030,20260629,2290,1869,1869,0
A0005761,20260629,2445,1884,1873,0
A0002853,20260629,0,1989,1978,0
A0005747,20260629,2457,1955,1955,0
A0033392,20260629,2398,1869,1869,0
A0005669,20260629,0,1965,1965,1600
A0009028,20260629,0,1969,1959,1600
A0033120,20260629,0,1998,1996,0
A0009025,20260629,2345,1995,1945,0
A0005705,20260629,2453,1987,1977,0
A0005745,20260629,2365,1895,1895,0
A0005615,20260629,2369,1994,1993,0
A0005722,20260629,0,2010,1990,0
A0005725,20260629,0,1894,1895,0
A0005775,20260629,2499,1878,1878,0
A0009402,20260629,2359,1895,1895,0
A0005643,20260629,2527,2057,1997,0
A0005642,20260629,0,1895,1894,0
A0005627,20260629,0,1899,1899,0
A0005776,20260629,2450,1934,1923,1778
A0005711,20260629,2453,1998,1988,0
A0005801,20260629,0,1999,1997,0
A0009174,20260629,2408,1895,1899,1450
A0005640,20260629,2470,2075,2075,1550
A0005719,20260629,2345,1985,1935,0
A0005782,20260629,2470,2059,2049,0
A0001937,20260629,0,1955,1955,0
A0005792,20260629,0,1895,1894,0
A0005739,20260629,2465,2035,2012,0
A0007548,20260629,0,1897,1875,0
A0011824,20260629,2365,1948,1938,0
A0002664,20260629,0,2059,2049,0
A0032660,20260629,0,1883,1873,0
A0002683,20260629,0,1883,1873,0
A0002690,20260629,0,1898,1928,1800
A0007547,20260629,0,1864,1864,0
A0002304,20260629,0,1925,1895,0
A0007240,20260629,0,1948,1938,0
A0002043,20260629,0,1895,1885,0
A0007525,20260629,0,1967,1958,1520
A0007523,20260629,2473,1932,1919,0
A0007480,20260629,2358,1933,1934,0
A0007528,20260629,2326,1933,1926,1630
A0002719,20260629,2385,1888,1878,0
A0002737,20260629,0,1995,1995,0
A0004488,20260629,2325,1868,1868,0
A0002569,20260629,0,1882,1872,0
A0032871,20260629,0,1895,1895,0
A0003659,20260629,0,2039,1999,0
A0001207,20260629,0,1896,1894,0
A0002682,20260629,2380,1868,1868,0
A0002570,20260629,2350,1899,1980,0
A0033261,20260629,2436,1928,1898,1700
A0033021,20260629,2380,1888,1878,0
A0007453,20260629,2365,1948,1938,0
A0002066,20260629,0,1887,1878,1680
A0002511,20260629,0,1868,1868,0
A0002006,20260629,2365,1895,1895,0
A0002167,20260629,2383,1943,1933,1700
A0007367,20260629,0,1894,1874,0
A0007526,20260629,0,1967,1958,0
A0007191,20260629,2490,2055,2045,1700
A0002014,20260629,2398,1898,1897,0
A0007522,20260629,2425,1887,1906,0
A0002506,20260629,0,1895,1885,0
A0002081,20260629,2330,1894,1884,0
A0002523,20260629,0,1887,1887,0
A0002666,20260629,0,1919,1899,1700
A0005091,20260629,2400,1918,1898,1700
A0007242,20260629,2365,1948,1938,0
A0007245,20260629,2365,1948,1938,0
A0007545,20260629,0,1868,1868,0
A0007536,20260629,0,1868,1868,1850
A0002504,20260629,0,1868,1868,0
A0007330,20260629,0,2057,2047,0
A0015507,20260629,0,1998,1998,0
A0007482,20260629,2295,1978,1955,0
A0002537,20260629,0,1988,1998,0
A0027333,20260629,0,1895,1949,1800
A0002029,20260629,2395,1888,1884,0
A0007166,20260629,0,1885,1875,0
A0002033,20260629,0,2038,2038,0
A0033434,20260629,2439,1925,1895,0
A0007182,20260629,2365,1885,1865,0
A0002078,20260629,2290,1870,1860,0
A0002023,20260629,0,1898,1928,0
A0002308,20260629,2438,1958,1938,1700
A0010119,20260629,0,1887,1878,0
A0000190,20260629,0,1878,1865,0
A0007149,20260629,0,1995,1887,0
A0001812,20260629,0,1995,1995,1650
A0017370,20260629,0,1883,1873,0
A0002739,20260629,0,1867,1868,0
A0007199,20260629,2365,1948,1938,0
A0007404,20260629,0,1894,1980,0
A0002076,20260629,0,1925,1895,0
A0008138,20260629,0,1998,1998,0
A0002669,20260629,2465,2038,2038,0
A0007058,20260629,2377,1887,1887,0
A0007227,20260629,0,1895,1875,1700
A0002516,20260629,2400,1918,1898,0
A0002535,20260629,0,1895,1908,0
A0007398,20260629,2425,1895,1899,1520
A0033107,20260629,0,1924,1914,1640
A0004383,20260629,0,1938,1928,0
A0002183,20260629,0,1883,1873,0
A0000248,20260629,0,1925,1895,0
A0000708,20260629,0,1885,1875,0
A0002134,20260629,0,1895,1895,0
A0002740,20260629,0,1988,1889,0
A0002501,20260629,2394,1949,1937,1640
A0002612,20260629,0,2027,1917,0
A0002742,20260629,0,1878,1878,0
A0007508,20260629,2295,1895,1875,0
A0007533,20260629,2350,1899,1899,0
A0002120,20260629,0,1928,1928,1500
A0007164,20260629,0,2034,2023,0
A0007385,20260629,0,1958,1918,1630
A0002302,20260629,0,1975,1975,0
A0008421,20260629,0,1865,1848,1630
A0008323,20260629,0,1938,1938,1500
A0008437,20260629,0,1977,1917,0
A0008388,20260629,0,1937,1937,1650
A0033368,20260629,0,2049,2049,1750
A0000711,20260629,2395,1989,1989,1730
A0008414,20260629,0,1897,1897,0
A0008316,20260629,2395,1977,1939,0
A0005812,20260629,0,1867,1846,0
A0009065,20260629,0,1949,2025,0
A0006885,20260629,0,1934,1929,0
A0008405,20260629,0,1965,1948,1717
A0008407,20260629,2368,1968,1948,0
A0007070,20260629,2358,1934,1934,1595
A0006881,20260629,0,1852,1842,0
A0008438,20260629,0,1834,1824,0
A0008396,20260629,2417,2037,1997,0
A0008379,20260629,0,1867,1847,0
A0008418,20260629,0,1859,1809,1529
A0007082,20260629,2449,1859,1809,1489
A0007076,20260629,0,1849,1799,0
A0007075,20260629,0,1859,1799,1499
A0008433,20260629,0,1865,1848,0
A0006834,20260629,0,1929,1919,0
A0008428,20260629,0,1898,1877,0
A0006880,20260629,0,1947,1927,1700
A0006967,20260629,2333,1865,1848,0
A0008431,20260629,2333,1865,1848,0
A0008430,20260629,2374,1898,1898,0
A0008371,20260629,2300,1865,1848,1650
A0008333,20260629,0,1969,1959,1650
A0006968,20260629,0,1884,1873,0
A0033242,20260629,0,1999,1999,0
A0008314,20260629,0,1899,1879,1709
A0008372,20260629,0,1898,1875,0
A0009709,20260629,0,1939,1938,0
A0008368,20260629,0,2095,2095,1680
A0001307,20260629,0,1894,1862,0
A0008434,20260629,2385,1949,1946,1800
A0006869,20260629,0,1954,1943,1630
A0007077,20260629,0,1849,1838,0
A0008308,20260629,0,1967,1939,0
A0006861,20260629,0,1984,1976,0
A0008424,20260629,0,1995,1997,0
A0008291,20260629,0,1978,1958,0
A0033137,20260629,0,1898,1878,0
A0009185,20260629,0,1834,1823,0
A0008401,20260629,0,1977,1827,0
A0006970,20260629,0,1898,1898,0
A0008406,20260629,0,1898,1877,0
A0001160,20260629,0,1843,1823,0
A0010054,20260629,0,2034,2023,1650
A0008425,20260629,0,1867,1846,0
A0008298,20260629,0,1907,1957,0
A0008302,20260629,0,1865,1887,0
A0008351,20260629,0,1857,1848,0
A0021796,20260629,2398,1898,1875,1600
A0008312,20260629,0,1884,1873,0
A0008287,20260629,0,1998,1998,1600
A0006878,20260629,2295,1895,1875,0
A0007062,20260629,2369,1889,1889,1595
A0019284,20260629,0,1965,1879,0
A0006860,20260629,0,1849,1838,0
A0033229,20260629,2419,1949,1894,0
A0033228,20260629,2419,1949,1894,0
A0008274,20260629,0,1898,1878,0
A0006862,20260629,2300,1865,1848,0
A0001093,20260629,0,1919,1919,1700
A0008436,20260629,2397,1857,1848,0
A0008337,20260629,0,1898,1878,0
A0008288,20260629,0,1867,1839,0
A0006864,20260629,0,1938,1938,0
A0001901,20260629,2293,1849,1838,0
A0007111,20260629,0,1967,1947,0
A0008278,20260629,0,1865,1847,0
A0008432,20260629,2500,1895,1899,1874
A0008427,20260629,2460,1895,1899,1600
A0006846,20260629,0,1979,1969,0
A0033660,20260629,0,1917,1917,0
A0007651,20260629,0,1884,1873,1500
A0008357,20260629,0,1867,1857,0
A0033243,20260629,2398,1898,1878,0
A0007063,20260629,2428,1989,1989,1698
A0007114,20260629,2425,1895,1895,1550
A0007124,20260629,0,1968,1968,0
A0007026,20260629,0,1938,1938,0
A0033357,20260629,0,1988,1958,0
A0007050,20260629,2548,1978,1968,1748
A0007084,20260629,2448,1934,1934,0
A0007108,20260629,0,1969,1959,1450
A0007121,20260629,0,2029,2025,1600
A0006944,20260629,0,2028,2028,0
A0007105,20260629,0,1894,1884,0
A0007027,20260629,2438,2038,2028,1780
A0007089,20260629,2347,1959,1953,1595
A0006983,20260629,0,1959,1952,0
A0007086,20260629,2358,1935,1935,0
A0007091,20260629,2347,1938,1902,0
A0025925,20260629,2394,1934,1924,1595
A0033314,20260629,0,2099,2099,1850
A0007080,20260629,2459,1869,1809,1539
A0007034,20260629,2405,1895,1895,0
A0006996,20260629,0,1898,1888,1550
A0006899,20260629,0,1935,1953,0
A0008481,20260629,0,1890,1872,0
A0007081,20260629,0,1978,1978,1549
A0007039,20260629,2403,1892,1889,0
A0007123,20260629,0,2007,1987,1600
A0007025,20260629,0,1986,1966,1600
A0007004,20260629,0,1958,1958,1600
A0007103,20260629,2425,1994,1994,1600
A0007046,20260629,0,1989,1989,0
A0007106,20260629,0,2067,2067,0
A0006852,20260629,2496,2032,2032,0
A0006917,20260629,0,2028,1998,1600
A0007054,20260629,0,2017,1997,1800
A0006898,20260629,0,1995,1994,1695
A0007064,20260629,0,1958,1958,0
A0007014,20260629,2430,1935,1935,1700
A0006977,20260629,0,1935,1935,0
A0007045,20260629,0,2035,2025,1780
A0007122,20260629,0,1895,1894,1695
A0006936,20260629,0,1999,1999,0
A0006894,20260629,2380,1938,1928,1700
A0006973,20260629,0,1999,1989,0
A0006908,20260629,0,1917,1917,0
A0007051,20260629,0,2157,2058,0
A0007066,20260629,0,1895,1895,0
A0006903,20260629,0,1938,1938,1800
A0006922,20260629,0,1999,1999,1700
A0006997,20260629,0,2049,2039,0
A0001169,20260629,0,1958,1948,0
A0006889,20260629,0,1968,1968,0
A0007013,20260629,0,1899,1899,0
A0001888,20260629,0,1998,1968,0
A0006937,20260629,0,2018,2018,0
A0033634,20260629,0,1914,1894,0
A0033633,20260629,0,1919,1899,0
A0006912,20260629,0,1938,1938,1670
A0006911,20260629,0,1935,1935,0
A0001560,20260629,0,1985,1975,1600
A0006989,20260629,0,1998,1998,0
A0006906,20260629,0,2029,1999,0
A0007096,20260629,0,1895,1895,0
A0006956,20260629,0,1895,1895,0
A0007048,20260629,2447,1902,1910,0
A0007041,20260629,2441,1895,1899,1750
A0011355,20260629,2538,1999,1998,0
A0007028,20260629,0,2055,2035,0
A0007079,20260629,0,1938,1938,0
A0007109,20260629,0,1894,1894,0
A0007065,20260629,0,1968,1958,0
A0003432,20260629,0,1856,1847,0
A0002974,20260629,0,1983,1997,1650
A0010210,20260629,0,1989,1987,0
A0003424,20260629,0,1983,1997,1650
A0002829,20260629,0,2038,2038,1650
A0008829,20260629,0,1998,1863,1698
A0006992,20260629,2320,1865,1858,1650
A0010999,20260629,0,1975,1965,0
A0015765,20260629,0,2034,2024,1650
A0003256,20260629,0,1879,1859,1550
A0003298,20260629,0,1983,1979,0
A0003295,20260629,0,2065,2065,1650
A0003161,20260629,0,1999,1999,0
A0002824,20260629,2350,1890,1895,0
A0004363,20260629,2455,1895,1893,1600
A0010209,20260629,0,1940,1960,0
A0033814,20260629,2399,1969,1979,0
A0033813,20260629,2399,1969,1979,0
A0003386,20260629,0,1998,1998,0
A0003327,20260629,2438,1989,2038,0
A0003412,20260629,0,1889,1879,0
A0008724,20260629,0,2059,2069,1650
A0003286,20260629,0,1998,1998,1650
A0003240,20260629,0,2024,2013,0
A0033749,20260629,2353,1893,1885,0
A0017485,20260629,0,1995,1985,1550
A0007625,20260629,0,1948,1938,0
A0002834,20260629,2398,1998,1995,0
A0003050,20260629,0,2057,2057,0
A0000794,20260629,0,1869,1849,0
A0033067,20260629,0,1985,1985,0
A0003307,20260629,0,2014,2009,1600
A0003304,20260629,0,2014,2009,1600
A0003529,20260629,2454,1895,1885,1600
A0002808,20260629,0,1869,1849,0
A0009544,20260629,0,1895,1885,0
A0002812,20260629,0,2029,1999,1700
A0003399,20260629,0,1864,1996,0
A0003036,20260629,0,1968,1968,1500
A0002985,20260629,0,1983,1983,0
A0002858,20260629,0,1869,1869,1600
A0003423,20260629,0,1968,1968,1600
A0003186,20260629,0,1945,1939,0
A0002763,20260629,0,2045,2045,1600
A0003303,20260629,0,2015,2015,1580
A0003312,20260629,0,2031,2029,1650
A0002857,20260629,0,1938,1879,0
A0002900,20260629,0,2004,1993,1640
A0002854,20260629,0,1975,1925,0
A0024679,20260629,0,1869,1849,0
A0003290,20260629,0,1889,1879,0
A0002814,20260629,0,1895,1885,1600
A0003421,20260629,0,2028,2058,0
A0003302,20260629,0,2009,2009,1550
A0002837,20260629,0,1869,1849,0
A0002917,20260629,0,2030,2030,0
A0003417,20260629,0,1929,1919,0
A0003367,20260629,0,1947,1947,0
A0003359,20260629,0,1939,1939,0
A0003077,20260629,0,1988,1988,1650
A0003403,20260629,2479,2034,2023,0
A0002973,20260629,0,1994,1992,0
A0002833,20260629,0,2038,2035,1700
A0009749,20260629,0,1998,1998,1700
A0002915,20260629,0,1945,1948,1600
A0003415,20260629,0,2045,2045,1750
A0002806,20260629,0,1987,1987,1650
A0014399,20260629,0,2030,2029,0
A0033301,20260629,0,2019,2019,1550
A0007205,20260629,0,1969,1949,1595
A0003047,20260629,0,1945,1945,0
A0003232,20260629,0,1869,1849,1500
A0015631,20260629,0,1999,1997,1550
A0002901,20260629,0,2027,2027,1700
A0003299,20260629,0,1895,1935,0
A0002914,20260629,0,2059,2059,0
A0002831,20260629,0,2009,1998,1600
A0003208,20260629,0,1989,1899,0
A0003244,20260629,2389,1979,1925,0
A0002909,20260629,0,1856,1856,0
A0003310,20260629,0,2009,2006,1600
A0002783,20260629,0,1985,1995,1700
A0002034,20260629,0,1895,1895,1599
A0002855,20260629,0,1920,1915,0
A0002999,20260629,0,2045,2045,1950
A0000528,20260629,0,1978,1978,1600
A0002863,20260629,0,1939,1915,0
A0003204,20260629,0,2015,1959,0
A0002996,20260629,0,1989,1949,1600
A0003314,20260629,0,1833,1983,0
A0002785,20260629,0,1886,1877,0
A0003357,20260629,0,1862,1848,0
A0003250,20260629,0,1995,1995,1600
A0002963,20260629,0,1854,1854,0
A0002922,20260629,2353,1893,1885,0
A0002982,20260629,0,1925,1845,1700
A0026047,20260629,0,1978,1938,0
A0003184,20260629,0,1886,1998,1500
A0003419,20260629,0,1869,1848,0
A0001949,20260629,2411,1930,1910,0
A0001980,20260629,0,1939,1965,0
A0001939,20260629,0,1968,1958,1530
A0001922,20260629,0,1985,1985,0
A0008227,20260629,0,1995,1995,1600
A0008207,20260629,2339,1940,1904,0
A0018991,20260629,2324,1943,1904,1678
A0001952,20260629,2337,1940,1914,0
A0001946,20260629,2337,1940,1924,1683
A0001950,20260629,2295,1895,1885,0
A0008198,20260629,2295,1895,1885,0
A0000263,20260629,0,1989,1965,0
A0000180,20260629,0,1999,1985,1600
A0001983,20260629,2370,1995,1985,0
A0008187,20260629,0,1999,1985,0
A0008133,20260629,0,2009,2049,1650
A0001904,20260629,0,1935,1925,0
A0001913,20260629,0,1997,1996,1730
A0001978,20260629,0,1847,1827,0
A0001961,20260629,2380,1887,1877,0
A0008193,20260629,2295,1938,1938,0
A0000215,20260629,2498,2048,2048,1697
A0008179,20260629,0,1894,1884,0
A0001893,20260629,0,2073,2098,0
A0008216,20260629,0,1995,1985,0
A0005592,20260629,0,1979,1869,0
A0001905,20260629,0,2095,2085,0
A0001938,20260629,0,1997,1995,1600
A0001979,20260629,0,1928,1910,0
A0009898,20260629,2435,1905,1899,1550
A0001853,20260629,2488,1938,1912,1820
A0010187,20260629,0,1895,1885,0
A0001856,20260629,0,2038,1988,1798
A0008158,20260629,2295,1895,1885,1700
A0001881,20260629,2294,2145,2128,0
A0005030,20260629,0,1911,1911,0
A0005003,20260629,0,1885,1885,1480
A0004817,20260629,0,1999,1989,1600
A0004991,20260629,2360,1934,1903,0
A0004417,20260629,0,1844,1844,0
A0032669,20260629,0,1919,1894,0
A0004339,20260629,0,1929,1919,0
A0004738,20260629,0,1985,1985,0
A0012067,20260629,0,1945,1915,0
A0004975,20260629,2454,1999,1929,1650
A0004712,20260629,0,1953,1943,0
A0006122,20260629,2264,1844,1844,0
A0004819,20260629,0,1883,1883,0
A0004398,20260629,0,1998,1998,0
A0004221,20260629,0,2035,2029,0
A0004998,20260629,0,2093,2093,1500
A0004496,20260629,0,2037,2027,0
A0004520,20260629,0,1958,1948,1600
A0004285,20260629,0,1995,1965,1590
A0004424,20260629,2345,2005,1995,0
A0017725,20260629,0,1885,1885,0
A0004251,20260629,0,1998,1988,1950
A0000201,20260629,0,1958,1948,1700
A0004592,20260629,0,1999,1989,1500
A0004780,20260629,0,1883,1883,0
A0005034,20260629,2264,1864,1854,1500
A0000732,20260629,0,2068,1978,1680
A0004926,20260629,2394,1894,1894,0
A0002736,20260629,0,1894,1894,0
A0004487,20260629,2438,1997,1987,1700
A0004589,20260629,2438,1997,1987,1700
A0004365,20260629,0,1998,1997,1600
A0004828,20260629,2313,1884,1883,0
A0004613,20260629,0,1854,1854,0
A0004253,20260629,0,1897,1877,1700
A0004351,20260629,0,1945,1945,1600
A0004808,20260629,0,1883,1883,0
A0004627,20260629,0,1959,1849,0
A0004821,20260629,0,1983,1968,0
A0005051,20260629,0,1989,1979,1700
A0004399,20260629,0,2295,2195,0
A0033396,20260629,0,1994,1984,1500
A0004544,20260629,0,1849,1849,0
A0004306,20260629,0,1998,1998,1600
A0004407,20260629,0,1996,1995,1650
A0004784,20260629,0,2065,2055,1700
A0004545,20260629,0,1939,1936,0
A0004735,20260629,0,1989,1978,1650
A0004542,20260629,0,1937,1937,0
A0004794,20260629,0,2039,1939,0
A0033559,20260629,0,1945,1935,1600
A0004882,20260629,0,1945,1935,1550
A0033132,20260629,2320,1874,1864,0
A0005002,20260629,0,1864,1864,0
A0004886,20260629,0,1994,1984,1700
A0004931,20260629,0,1884,1883,0
A0004279,20260629,0,2018,1995,0
A0004552,20260629,0,1939,1939,0
A0033387,20260629,0,1909,1899,0
A0033233,20260629,2439,1909,1899,0
A0033789,20260629,0,1895,1899,0
A0033038,20260629,2459,1909,1899,1350
A0033409,20260629,0,1895,1899,1569
A0004420,20260629,0,1895,1899,1559
A0004759,20260629,0,1999,1999,0
A0004822,20260629,0,1965,1965,0
A0004832,20260629,0,2015,2015,1590
A0004273,20260629,0,1914,1898,1650
A0004452,20260629,0,1995,1965,1590
A0004826,20260629,0,1885,1885,1580
A0004848,20260629,2394,1984,1974,1500
A0004855,20260629,0,2015,1995,1620
A0004333,20260629,0,1997,1989,1700
A0001865,20260629,0,1968,1958,1550
A0005000,20260629,0,1989,1939,0
A0004887,20260629,0,1984,1954,1650
A0004617,20260629,0,1844,1844,1500
A0004778,20260629,0,1998,1997,1700
A0006365,20260629,0,2038,2028,0
A0006587,20260629,0,1975,1975,1650
A0006698,20260629,0,1998,1998,1700
A0006813,20260629,0,2028,2068,1650
A0006437,20260629,2498,1998,1998,1680
A0006621,20260629,0,1969,1964,1700
A0006510,20260629,0,1979,1974,1620
A0006724,20260629,0,2018,2008,1600
A0003997,20260629,0,1998,1998,1650
A0006619,20260629,2447,1966,1955,1600
A0004156,20260629,0,1977,1967,0
A0009780,20260629,0,1897,1889,1650
A0009115,20260629,0,1989,1979,1650
A0006040,20260629,0,1979,1974,1620
A0006322,20260629,0,1999,1999,1700
A0033224,20260629,0,1975,1965,1680
A0006620,20260629,2598,1968,1958,0
A0006387,20260629,0,2058,2048,1700
A0003787,20260629,0,1998,1998,1600
A0006466,20260629,0,1893,1887,1600
A0010159,20260629,0,1997,1997,1600
A0006506,20260629,2548,2019,1899,1700
A0006350,20260629,0,2048,2048,1700
A0011125,20260629,0,1964,1979,0
A0006514,20260629,0,1987,1977,1600
A0006417,20260629,0,2168,2198,0
A0006556,20260629,0,0,0,1600
A0006385,20260629,2465,1977,1967,0
A0006386,20260629,0,1895,1999,1650
A0006717,20260629,0,2030,2020,1620
A0006400,20260629,0,2088,2078,1620
A0006811,20260629,2398,1999,1998,0
A0006761,20260629,0,1893,1887,1600
A0006723,20260629,0,2018,2008,1620
A0006388,20260629,0,2018,2008,0
A0006720,20260629,0,2018,2008,1620
A0006384,20260629,2430,1999,1999,1650
A0005688,20260629,2394,1964,1954,1680
A0033085,20260629,0,1899,1889,0
A0033086,20260629,0,1899,1889,0
A0006455,20260629,0,1910,1955,0
A0033230,20260629,0,1998,1988,1620
A0006721,20260629,0,1998,1988,1620
A0000527,20260629,0,1998,1989,0
A0005146,20260629,0,1995,1995,1600
A0006434,20260629,0,1998,1998,1600
A0033742,20260629,0,1996,1989,0
A0033743,20260629,0,1996,1989,0
A0006404,20260629,2498,1977,1967,0
A0003991,20260629,0,1894,1887,0
A0003661,20260629,0,1935,1935,1640
A0006535,20260629,0,1998,1997,0
A0005807,20260629,0,1893,1887,1650
A0006313,20260629,0,1993,1989,1650
A0028962,20260629,0,1995,1989,0
A0010711,20260629,0,1897,1889,1650
A0006479,20260629,0,2038,2028,1650
A0004186,20260629,0,2029,2019,1650
A0004021,20260629,0,2069,2059,0
A0004195,20260629,2450,1899,1889,1650
A0003721,20260629,0,1960,1916,1600
A0003699,20260629,0,1975,1975,1600
A0008283,20260629,0,1975,1975,1650
A0004192,20260629,0,1998,1998,0
A0003562,20260629,0,1969,1969,1500
A0004001,20260629,0,2025,2010,1685
A0009699,20260629,2479,1931,1920,1505
A0004066,20260629,2479,1931,1920,0
A0003988,20260629,0,1885,1839,0
A0004208,20260629,0,1988,1988,0
A0003845,20260629,0,2009,2029,1700
A0003493,20260629,0,1969,1959,0
A0015779,20260629,0,2049,2049,1600
A0003582,20260629,0,2029,2019,1600
A0003527,20260629,0,2015,2015,0
A0003674,20260629,0,1995,1985,1650
A0033165,20260629,0,2029,1989,0
A0003657,20260629,0,1885,1855,1600
A0003786,20260629,2538,1978,2003,1650
A0003578,20260629,0,2029,2025,1600
A0004139,20260629,0,2038,1898,0
A0003951,20260629,0,1995,1995,0
A0033051,20260629,0,1999,1999,1600
A0033666,20260629,0,2020,2010,1610
A0003765,20260629,0,1999,1929,1600
A0003901,20260629,0,1995,1978,1570
A0003555,20260629,0,1978,1898,1600
A0031202,20260629,0,2059,2059,0
A0003807,20260629,0,2029,2029,1600
A0003729,20260629,0,2010,1916,1600
A0001090,20260629,0,2035,1995,0
A0033162,20260629,0,2018,1968,0
A0003856,20260629,0,2048,2048,1750
A0003512,20260629,0,2098,1997,1750
A0003483,20260629,0,1889,1859,0
A0005834,20260629,0,1999,1999,0
A0003691,20260629,0,2045,2035,1600
A0004053,20260629,0,2019,2019,1580
A0000993,20260629,0,1999,1979,1600
A0003579,20260629,0,1999,1999,1650
A0003812,20260629,0,2095,2095,1650
A0003987,20260629,0,1885,1855,0
A0004083,20260629,0,1923,1918,0
A0003958,20260629,0,2039,2029,1650
A0004060,20260629,0,2005,1999,0
A0020178,20260629,0,1968,1968,0
A0004054,20260629,0,1999,1990,1550
A0019386,20260629,0,2019,1875,0
A0003556,20260629,0,1997,2027,1600
A0008467,20260629,0,1979,1969,1599
A0003507,20260629,0,1999,1968,1600
A0003784,20260629,0,2069,2059,1700
A0003944,20260629,0,2059,2049,1650
A0010220,20260629,0,1930,1920,0
A0010222,20260629,0,1930,1920,0
A0003922,20260629,0,1949,1939,1650
A0003943,20260629,0,2030,2020,1600
A0003999,20260629,0,1998,1998,1570
A0003611,20260629,2549,2039,2029,0
A0003915,20260629,0,2029,2019,1600
A0003754,20260629,0,2030,2030,0
A0003715,20260629,0,1919,1909,1650
A0003540,20260629,0,1929,1919,1600
A0004173,20260629,0,2039,2029,1700
A0003558,20260629,0,2075,2075,1650
A0004174,20260629,0,2029,2019,0
A0011912,20260629,0,1879,1869,1700
A0009614,20260629,0,2059,2049,1800
A0033601,20260629,2495,1999,2038,0
A0004375,20260629,0,2098,2075,1700
A0004224,20260629,0,2059,2059,1800
A0004361,20260629,0,2079,2059,1550
A0033676,20260629,0,2155,2095,1600
A0011883,20260629,0,1998,1998,1690
A0004272,20260629,0,2099,2079,0
A0011901,20260629,0,2019,2019,1550
A0004267,20260629,0,2069,2069,1700
A0004368,20260629,0,1980,1980,0
A0004395,20260629,0,2030,2020,1550
A0004878,20260629,0,1999,1999,1550
A0033609,20260629,0,1999,1989,1550
A0004885,20260629,0,1999,1989,1550
A0004344,20260629,0,2039,2035,1550
A0011890,20260629,0,2009,1999,0
A0004771,20260629,0,2030,2020,1550
A0003269,20260629,0,1879,1869,0
A0002231,20260629,0,1875,1875,0
A0007529,20260629,2443,1928,1924,0
A0002641,20260629,0,1899,1894,0
A0002640,20260629,0,1899,1894,0
A0033189,20260629,2395,1872,1809,0
A0033197,20260629,2395,1872,1809,0
A0002576,20260629,0,1863,1797,1510
A0002075,20260629,0,1997,1987,0
A0033278,20260629,2395,1872,1915,0
A0002108,20260629,0,1862,1846,0
A0007406,20260629,0,1898,1898,1650
A0011823,20260629,2365,1875,1875,1550
A0033525,20260629,0,1869,1915,0
A0002563,20260629,0,1995,1985,0
A0002088,20260629,2453,1989,1958,0
A0002449,20260629,0,1879,1859,0
A0033371,20260629,0,1995,1985,0
A0007419,20260629,0,1889,1879,0
A0007416,20260629,0,1979,1969,1650
A0033662,20260629,0,1862,1808,0
A0033186,20260629,0,1899,1899,1750
A0033042,20260629,0,1875,1875,0
A0002445,20260629,0,1989,1989,0
A0033799,20260629,2360,1875,1875,0
A0002883,20260629,0,1997,1997,0
A0002160,20260629,0,1875,1875,0
A0002109,20260629,2569,2039,2019,0
A0002186,20260629,0,2089,2079,1700
A0033701,20260629,2388,1998,1985,0
A0007421,20260629,2424,1932,1899,0
A0002264,20260629,0,1935,1895,0
A0002545,20260629,2453,1995,1978,0
A0002281,20260629,0,2043,2034,0
A0033721,20260629,2385,1945,1935,0
A0033736,20260629,2385,1955,1945,0
A0033705,20260629,2315,1895,1885,0
A0008847,20260629,0,1874,1859,0
A0007436,20260629,2497,1997,1997,0
A0008827,20260629,2322,1922,1932,0
A0008911,20260629,2447,1997,1987,1600
A0008915,20260629,2325,1945,1935,0
A0008843,20260629,0,1959,1949,0
A0008789,20260629,2394,1998,1968,1700
A0032954,20260629,2397,1969,1949,0
A0001912,20260629,0,1999,1959,0
A0005122,20260629,2390,1953,1953,0
A0008850,20260629,2287,1876,1873,0
A0000920,20260629,0,1999,1999,0
A0005315,20260629,2379,1968,1947,0
A0033422,20260629,0,1945,1935,0
A0008912,20260629,2403,1932,1914,1704
A0007495,20260629,2445,1928,1934,0
A0007468,20260629,2405,1928,1915,0
A0007299,20260629,0,1937,1909,0
A0007492,20260629,2400,1933,1928,0
A0007489,20260629,2400,1928,1918,0
A0007247,20260629,0,1932,1925,1629
A0008914,20260629,2599,1937,1925,1614
A0008710,20260629,2350,1933,1914,0
A0008909,20260629,2298,1878,1868,0
A0007476,20260629,0,1870,1830,0
A0007192,20260629,0,1975,1985,1600
A0008807,20260629,0,1922,1898,0
A0008750,20260629,0,1847,1795,0
A0008916,20260629,0,1825,1795,0
A0007234,20260629,0,1985,1985,0
A0001873,20260629,0,1968,1958,0
A0008836,20260629,2550,1975,1965,0
A0008804,20260629,2459,1917,1887,0
A0008913,20260629,2325,1917,1888,0
A0008870,20260629,2493,1985,1995,0
A0033263,20260629,0,1949,1939,0
A0007507,20260629,2397,1925,1910,0
A0008852,20260629,2345,1869,1859,0
A0008820,20260629,0,1873,1898,0
A0009318,20260629,2295,1879,1872,0
A0008900,20260629,0,1895,1895,1550
A0008842,20260629,0,1895,1875,0
A0008860,20260629,2295,1878,1868,0
A0033374,20260629,2322,1889,1949,0
A0007471,20260629,2390,1949,1965,0
A0008851,20260629,2345,1894,1887,0
A0007502,20260629,2380,1925,1895,0
A0000012,20260629,2378,1956,1946,0
A0033777,20260629,0,1969,1979,0
A0033778,20260629,0,1969,1979,0
A0033714,20260629,2395,1964,1935,0
A0007488,20260629,0,1999,1997,0
A0008904,20260629,0,1999,1982,0
A0006152,20260629,2295,1895,1875,0
A0007218,20260629,0,1898,1879,1670
A0007265,20260629,0,1998,1986,1700
A0008793,20260629,2324,1894,1884,1699
A0007129,20260629,0,1895,1875,0
A0005622,20260629,2453,1985,1975,0
A0007130,20260629,0,1879,1869,0
A0008903,20260629,2495,1870,1894,0
A0008897,20260629,0,2099,2089,0
A0007243,20260629,2399,1999,1989,1600
A0033484,20260629,0,1875,1875,0
A0007287,20260629,0,1958,1948,1600
A0033445,20260629,2295,1875,1875,0
A0008826,20260629,0,1928,1887,0
A0033803,20260629,2315,1895,1885,0
A0000269,20260629,0,1998,1998,1600
A0007444,20260629,0,1987,1984,1550
A0033552,20260629,2355,1889,1879,1500
A0008698,20260629,0,1975,1965,0
A0033727,20260629,2490,1980,1945,0
A0008898,20260629,2365,1948,1938,1800
A0008685,20260629,0,2018,2008,0
A0008902,20260629,2397,1847,1827,0
A0007535,20260629,2391,1895,1887,0
A0007286,20260629,0,1968,1958,1580
A0007145,20260629,0,1979,1979,0
A0007157,20260629,2365,1885,1895,0
A0007335,20260629,0,2068,2068,0
A0033475,20260629,0,1945,1925,0
A0002318,20260629,0,2049,2039,0
A0008864,20260629,2375,1975,1945,0
A0033753,20260629,2295,1875,1875,0
A0006988,20260629,2363,1873,1858,0
A0007275,20260629,0,1988,1988,1700
A0007307,20260629,0,1968,1959,0
A0033280,20260629,2295,1875,1875,0
A0008883,20260629,2350,1882,1872,0
A0007470,20260629,0,1895,1895,0
A0008905,20260629,0,2018,2018,1650
A0007296,20260629,0,1975,1965,1600
A0007197,20260629,2385,1938,1929,1600
A0007220,20260629,2454,2034,1998,0
A0008822,20260629,0,1998,1988,1590
A0007438,20260629,0,1988,1995,1700
A0007484,20260629,0,1975,1975,0
A0008662,20260629,2440,1998,1988,1650
A0008713,20260629,0,1935,1925,0
A0008853,20260629,0,1870,1870,0
A0007184,20260629,0,2028,2018,0
A0033786,20260629,2444,1899,1889,1650
A0007206,20260629,0,1965,1968,1600
A0008854,20260629,0,2019,2018,1600
A0008684,20260629,0,2089,2098,1600
A0033336,20260629,0,1875,1875,0
A0008862,20260629,2325,1895,1899,0
A0008845,20260629,0,1998,1998,0
A0008821,20260629,0,1909,1887,0
A0003623,20260629,2499,1999,1989,0
A0008920,20260629,0,2040,2030,0
A0007159,20260629,0,1978,1988,1700
A0005633,20260629,0,2159,2148,0
A0008677,20260629,0,1998,1938,1600
A0007295,20260629,0,1895,1895,1550
A0007448,20260629,0,1882,1872,0
A0008906,20260629,2399,1882,1872,0
A0008798,20260629,0,2060,2050,0
A0008840,20260629,0,1932,1982,1700
A0008809,20260629,0,2038,1998,1700
A0002375,20260629,0,1878,1868,0
A0008889,20260629,2295,1895,1875,0
A0033070,20260629,2295,1895,1875,0
A0007450,20260629,0,1998,1996,0
A0007451,20260629,0,1998,1996,0
A0007500,20260629,0,1998,1996,0
A0033472,20260629,2320,1895,1890,0
A0007499,20260629,0,1989,1978,0
A0008818,20260629,0,1885,1875,1570
A0007236,20260629,0,2034,2023,0
A0008777,20260629,2394,1998,1968,0
A0007334,20260629,0,1878,1868,1850
A0007657,20260629,0,1998,1999,0
A0007162,20260629,0,1895,1895,0
A0007233,20260629,0,1999,1999,1800
A0004641,20260629,2369,1894,1894,0
A0008919,20260629,2375,1974,1964,0
A0008741,20260629,0,1998,1998,0
A0007196,20260629,0,2098,2088,0
A0009267,20260629,0,1870,1870,1700
A0008901,20260629,0,1878,1868,1650
A0007262,20260629,0,1948,1938,1700
A0008907,20260629,0,1986,1986,0
A0008895,20260629,2295,1875,1875,0
A0008720,20260629,0,1998,1999,0
A0008776,20260629,2428,1895,1899,0
A0015677,20260629,0,1999,1999,0
A0007316,20260629,0,1998,1989,0
A0007155,20260629,0,1895,1895,0
A0008846,20260629,0,2010,2050,0
A0008815,20260629,0,1872,1856,0
A0007478,20260629,2424,1970,1958,0
A0007285,20260629,0,1968,1998,0
A0008709,20260629,0,1999,2099,1600
A0033161,20260629,2325,1885,1875,1500
A0007176,20260629,2395,1965,1895,0
A0008736,20260629,0,1968,1948,0
A0008855,20260629,0,2015,2009,1600
A0002532,20260629,0,1895,1887,0
A0007443,20260629,0,2025,2015,1580
A0008910,20260629,0,1984,1978,0
A0033625,20260629,2440,1989,1875,1500
A0008782,20260629,0,1917,1879,0
A0007320,20260629,0,1965,1955,0
A0007434,20260629,0,1928,1938,1450
A0008890,20260629,2428,1895,1899,0
A0007201,20260629,0,2025,2025,0
A0007298,20260629,0,1965,1945,1550
A0008727,20260629,0,2045,2040,0
A0033534,20260629,2295,1875,1875,0
A0008792,20260629,2295,1875,1875,0
A0008670,20260629,0,1989,1979,1699
A0007273,20260629,0,1998,1989,0
A0033236,20260629,0,1979,1939,1550
A0033796,20260629,0,1979,1939,1550
A0006960,20260629,0,1998,1988,1500
A0007156,20260629,2487,1998,1998,0
A0007319,20260629,0,1928,1928,0
A0008893,20260629,2394,1984,1972,1640
A0008740,20260629,2390,1949,1965,0
A0008719,20260629,0,1995,1995,0
A0007276,20260629,0,1895,1895,0
A0008861,20260629,2380,1924,1920,0
A0008932,20260629,2390,1969,1939,1650
A0008190,20260629,0,2005,1995,1685
A0008176,20260629,0,2024,2024,1590
A0008225,20260629,2420,1942,1921,1630
A0008204,20260629,2415,1928,1916,1629
A0008150,20260629,0,1928,1924,1704
A0008167,20260629,0,1894,1884,0
A0008221,20260629,0,1895,1889,0
A0033329,20260629,0,1895,1889,0
A0008182,20260629,2455,1998,1993,1500
A0001894,20260629,2395,1865,1819,0
A0008197,20260629,0,1963,1963,0
A0001857,20260629,0,2034,2023,0
A0008132,20260629,0,1998,1998,0
A0008130,20260629,0,1894,1894,1600
A0008155,20260629,0,1998,1993,1500
A0008226,20260629,2295,1895,1895,1490
A0008165,20260629,0,1939,1939,1650
A0013145,20260629,0,1989,1979,0
A0033679,20260629,2449,1919,1904,0
A0008224,20260629,0,1877,1857,0
A0001837,20260629,0,2038,2026,0
A0000217,20260629,0,1998,1993,1600
A0001882,20260629,2487,1999,1999,0
A0008196,20260629,2380,1894,1884,0
A0005039,20260629,0,1957,1898,0
A0033183,20260629,0,1910,1890,0
A0004920,20260629,2351,1933,1903,1595
A0004997,20260629,0,1865,1828,0
A0004916,20260629,2297,1846,1826,0
A0004907,20260629,2359,1848,1789,1500
A0033553,20260629,2359,1860,1804,0
A0033586,20260629,2399,1865,1848,1799
A0015562,20260629,0,1883,1876,0
A0033487,20260629,0,1865,1848,0
A0004693,20260629,0,1985,1928,1710
A0000156,20260629,0,1998,1998,1750
A0005045,20260629,0,1848,1839,0
A0004963,20260629,2370,1899,1899,0
A0000027,20260629,0,1883,1876,0
A0004356,20260629,0,1899,1899,0
A0010102,20260629,2489,1898,1898,0
A0004908,20260629,0,1859,1877,0
A0004799,20260629,0,1848,1839,0
A0004278,20260629,0,1964,1949,1650
A0004243,20260629,2415,1965,1898,0
A0004834,20260629,0,1968,1948,0
A0004315,20260629,0,1964,1949,0
A0004529,20260629,0,1965,1928,0
A0005046,20260629,2298,1848,1839,0
A0000573,20260629,2359,1848,1839,0
A0004264,20260629,0,1848,1839,0
A0004969,20260629,0,1899,1889,0
A0004668,20260629,0,1983,1972,0
A0009381,20260629,2434,1904,1899,0
A0009767,20260629,2409,1895,1899,1705
A0009931,20260629,0,2015,1815,0
A0004646,20260629,0,1979,1979,0
A0009972,20260629,0,1909,1889,0
A0004310,20260629,2488,2006,2003,1690
A0004231,20260629,2438,1968,1948,0
A0004232,20260629,2297,1846,1826,0
A0004551,20260629,0,1865,1828,0
A0003986,20260629,2445,1975,1949,1550
A0033022,20260629,0,1998,1995,0
A0004162,20260629,0,1890,1880,1600
A0003601,20260629,0,1968,1958,1650
A0004168,20260629,0,1953,1953,0
A0004020,20260629,0,1998,1998,0
A0004077,20260629,0,1875,1855,0
A0003485,20260629,0,2049,2039,1650
A0003492,20260629,2399,1998,1988,0
A0004188,20260629,0,1989,1989,1550
A0003882,20260629,0,1927,1909,1630
A0004071,20260629,0,1927,1909,1630
A0004184,20260629,0,2079,2069,0
A0004161,20260629,2389,2079,2069,0
A0003833,20260629,0,1998,0,0
A0004201,20260629,0,1862,1809,1540
A0003948,20260629,0,1895,1885,0
A0003979,20260629,0,1985,1935,0
A0004143,20260629,0,1985,1985,0
A0004205,20260629,2295,1875,1855,0
A0000020,20260629,0,1859,1859,0
A0008980,20260629,0,1869,1849,0
A0004146,20260629,0,1899,1899,1650
A0003603,20260629,0,1935,1928,1590
A0032665,20260629,0,1949,1939,0
A0004155,20260629,0,1935,1929,0
A0003622,20260629,0,1959,1959,0
A0003797,20260629,0,1939,1935,1650
A0001036,20260629,0,2047,2047,1650
A0003952,20260629,0,1888,1878,0
A0003641,20260629,0,1999,1999,1600
A0004061,20260629,0,1864,1996,0
A0004198,20260629,0,1969,1949,0
A0032666,20260629,0,2015,1999,1650
A0003487,20260629,0,2058,2047,0
A0004176,20260629,2497,2148,2136,0
A0004210,20260629,2445,1995,1985,1550
A0017419,20260629,0,1879,1889,0
A0003755,20260629,0,2028,2018,0
A0002163,20260629,0,2027,2018,1600
A0010224,20260629,0,1978,1978,1550
A0003624,20260629,2555,1995,1995,1650
A0003486,20260629,0,2029,2009,0
A0004036,20260629,0,2025,2023,1650
A0010893,20260629,0,1995,1955,1700
A0003998,20260629,0,1995,1975,0
A0003626,20260629,0,1895,1885,0
A0004034,20260629,0,2029,2019,1600
A0007248,20260629,0,1998,1987,0
A0005799,20260629,0,2045,2035,0
A0004047,20260629,0,1999,1995,1650
A0003634,20260629,0,1958,2028,1600
A0033470,20260629,0,2018,2018,1600
A0003511,20260629,0,2038,2018,1600
A0003848,20260629,0,1889,1859,0
A0003476,20260629,0,2045,2035,1700
A0004048,20260629,0,2029,2019,1600
A0003889,20260629,0,2078,2068,0
A0003918,20260629,0,1999,1999,1600
A0003448,20260629,0,1949,1939,0
A0003992,20260629,0,1955,1849,0
A0000242,20260629,2445,1969,1949,0
A0003990,20260629,0,1998,1908,0
A0004044,20260629,0,2014,1999,1600
A0003676,20260629,0,1998,1998,0
A0004113,20260629,0,1984,1984,1520
A0006482,20260629,0,1875,1855,0
A0009108,20260629,0,1959,1923,0
A0003588,20260629,0,2034,2023,0
A0003857,20260629,0,1958,1958,0
A0004035,20260629,0,2029,2019,1600
A0004004,20260629,0,1995,1965,1620
A0003443,20260629,0,1949,1949,0
A0004045,20260629,0,2019,1999,1650
A0004057,20260629,0,1998,1997,0
A0004051,20260629,2539,2019,1999,1550
A0004017,20260629,0,2035,2045,1650
A0003989,20260629,0,1869,1849,0
A0009098,20260629,0,1869,1849,0
A0004088,20260629,0,1875,1874,0
A0003617,20260629,0,2023,2025,1650
A0004050,20260629,0,2029,2019,1600
A0004137,20260629,0,1996,1929,0
A0004197,20260629,0,1999,2009,1600
A0003475,20260629,0,2065,2058,1700
A0003710,20260629,0,1968,1998,0
A0003902,20260629,0,1998,1988,1700
A0003763,20260629,0,1999,1999,0
A0033581,20260629,2499,1889,1859,0
A0033562,20260629,2449,1889,1859,0
A0004160,20260629,0,2000,1995,0
A0004123,20260629,0,2010,2010,0
A0003633,20260629,0,1935,1945,0
A0004033,20260629,0,2029,2019,1650
A0003714,20260629,0,2068,2038,1700
A0005451,20260629,0,1999,1999,1500
A0008605,20260629,0,1892,1892,0
A0008446,20260629,0,1929,1919,0
A0008614,20260629,0,1995,1995,1500
A0005515,20260629,0,1989,1989,0
A0008595,20260629,0,1999,1999,1500
A0008551,20260629,0,1995,1995,0
A0008253,20260629,0,2038,2028,0
A0000641,20260629,2339,1962,1947,0
A0008639,20260629,2340,1899,1889,0
A0008643,20260629,2290,1899,1889,0
A0033686,20260629,2290,1897,1887,1595
A0008469,20260629,0,1867,1857,1700
A0008602,20260629,2397,1978,1929,0
A0001006,20260629,0,1857,1857,1500
A0008641,20260629,2284,1897,1897,0
A0032820,20260629,0,1879,1869,0
A0016313,20260629,2284,1929,1919,0
A0033007,20260629,0,1958,1938,0
A0005156,20260629,2284,1929,1919,0
A0033034,20260629,0,1977,1937,1600
A0005280,20260629,0,1874,1874,0
A0008626,20260629,0,1996,1996,0
A0008652,20260629,0,1895,1895,0
A0000710,20260629,0,1897,1897,1650
A0008580,20260629,0,2038,2028,0
A0005085,20260629,0,2038,2028,1700
A0008607,20260629,0,2028,2018,1600
A0005090,20260629,0,1995,1990,0
A0008624,20260629,2290,1897,1897,1590
A0008493,20260629,0,1969,1945,0
A0000451,20260629,0,1999,1969,2000
A0008608,20260629,0,1949,1939,1590
A0008513,20260629,0,1948,1948,1520
A0008447,20260629,0,2078,2078,0
A0008549,20260629,2405,1984,1923,0
A0005092,20260629,0,1978,1965,1600
A0008459,20260629,0,1927,1917,1600
A0005135,20260629,0,1932,1895,0
A0005055,20260629,0,1964,1938,1600
A0005101,20260629,0,2035,2035,0
A0008648,20260629,0,1897,1897,0
A0008647,20260629,0,1897,1897,0
A0008568,20260629,0,2028,2018,0
A0006546,20260629,0,2500,2500,2000
A0008582,20260629,2495,1929,1919,0
A0033147,20260629,0,1983,1998,1658
A0001864,20260629,0,1968,1943,1580
A0005096,20260629,0,2048,2048,0
A0005471,20260629,0,1978,1977,0
A0005478,20260629,0,2029,2027,1600
A0008535,20260629,0,1894,1885,0
A0008491,20260629,0,1898,1868,1630
A0008655,20260629,0,1899,1898,0
A0005554,20260629,0,1879,1869,0
A0005087,20260629,0,1866,1856,1600
A0006179,20260629,0,1969,1943,1600
A0000695,20260629,0,1896,1886,1600
A0005152,20260629,0,2015,1995,1600
A0010150,20260629,0,1934,1923,0
A0005084,20260629,0,1894,1853,1650
A0008452,20260629,0,1865,1855,1600
A0007389,20260629,0,1998,1998,0
A0005097,20260629,0,1995,1997,0
A0005447,20260629,0,1998,1998,0
A0008526,20260629,0,2058,2058,1600
A0008593,20260629,2337,1972,1959,1595
A0005444,20260629,0,2029,2029,1650
A0008449,20260629,0,1994,1988,0
A0005476,20260629,0,1998,1979,0
A0000037,20260629,0,1994,1984,0
A0003769,20260629,2394,1968,1943,0
A0005052,20260629,0,1899,1899,0
A0009736,20260629,0,1947,1938,1700
A0005120,20260629,0,1895,1885,0
A0000507,20260629,0,1998,1923,0
A0008583,20260629,0,2048,2038,1600
A0008599,20260629,0,1934,1934,1500
A0008571,20260629,0,2035,2025,0
A0005105,20260629,0,1998,1998,0
A0005472,20260629,0,1969,1949,1530
A0008457,20260629,0,1983,1943,1700
A0008532,20260629,0,1983,1972,1700
A0008564,20260629,0,1898,1959,0
A0008475,20260629,0,1887,1867,1600
A0008601,20260629,0,1984,1964,0
A0008574,20260629,2680,1970,1929,0
A0005053,20260629,0,2089,2059,0
A0008625,20260629,0,1935,2025,1500
A0005140,20260629,0,2090,2090,0
A0018318,20260629,0,1998,1999,0
A0008478,20260629,0,1975,1969,1600
A0008553,20260629,0,1998,1998,1698
A0008600,20260629,2313,1929,1919,0
A0008606,20260629,2339,1879,1869,1500
A0008650,20260629,0,1897,1897,0
A0008649,20260629,0,1929,1919,0
A0032704,20260629,0,1895,1885,0
A0005184,20260629,0,1969,1949,1700
A0005203,20260629,0,2032,2028,0
A0005219,20260629,0,1998,1998,1650
A0005095,20260629,0,2054,2034,0
A0005237,20260629,0,2049,2038,0
A0008543,20260629,0,1986,1956,1640
A0008502,20260629,0,2038,2038,1700
A0005169,20260629,0,1995,1995,1500
A0006006,20260629,2289,1869,1869,0
A0003328,20260629,0,1897,1897,0
A0003224,20260629,0,1996,1996,1550
A0003375,20260629,0,1965,1945,0
A0033373,20260629,2339,1914,1899,0
A0032981,20260629,0,1925,1925,0
A0003413,20260629,0,1985,1975,0
A0005961,20260629,0,1899,1879,0
A0002772,20260629,0,1987,1987,1700
A0002000,20260629,0,1989,1979,0
A0003266,20260629,0,2005,1995,0
A0002945,20260629,2483,1937,1928,0
A0003285,20260629,0,1932,1914,1630
A0003422,20260629,2593,1928,1923,0
A0003330,20260629,2355,1928,1914,0
A0003398,20260629,2440,1928,1924,1563
A0003203,20260629,0,1932,1914,1630
A0003338,20260629,0,1914,1899,1700
A0033767,20260629,0,1878,1879,0
A0033766,20260629,0,1878,1879,0
A0002768,20260629,2398,1914,1899,0
A0002867,20260629,2478,1934,1938,0
A0002860,20260629,0,1939,1948,0
A0003404,20260629,0,1868,1797,1510
A0001706,20260629,0,1918,1898,0
A0033818,20260629,2359,1876,1859,0
A0003429,20260629,0,1999,1989,0
A0003339,20260629,0,2064,2044,1620
A0003177,20260629,0,1899,1827,0
A0002990,20260629,0,1867,1827,0
A0003325,20260629,2490,2150,1990,0
A0019216,20260629,0,1959,1949,0
A0007006,20260629,0,1833,1833,0
A0002957,20260629,0,2039,2029,1650
A0002787,20260629,2385,1885,1885,0
A0003418,20260629,2429,1949,1899,1540
A0003408,20260629,0,1999,1999,1620
A0006943,20260629,0,1989,1989,1600
A0002756,20260629,0,2018,2017,0
A0003060,20260629,0,1895,1895,0
A0007174,20260629,0,1985,1975,0
A0002746,20260629,0,1999,1999,0
A0003153,20260629,0,1957,1937,1800
A0002099,20260629,0,1973,1963,0
A0003185,20260629,0,1969,1959,0
A0033058,20260629,0,1869,1939,0
A0003200,20260629,0,2075,1995,1600
A0003416,20260629,0,1995,1965,0
A0003214,20260629,0,1932,1927,0
A0003382,20260629,2393,1973,1963,1500
A0010149,20260629,0,1899,1879,0
A0003180,20260629,0,2059,2049,1800
A0003183,20260629,0,1997,1997,1600
A0002788,20260629,0,1998,1998,0
A0002930,20260629,0,1968,1958,0
A0003011,20260629,0,1965,1995,0
A0002766,20260629,2458,1929,1879,0
A0003336,20260629,0,1895,1895,0
A0002027,20260629,2393,1973,1963,0
A0003410,20260629,0,1895,1895,0
A0003342,20260629,0,1897,1887,1890
A0008137,20260629,2379,1895,1895,0
A0019883,20260629,0,1895,1895,0
A0006037,20260629,0,2009,2009,0
A0003265,20260629,2349,1918,1898,0
A0003233,20260629,0,2058,2028,1800
A0006345,20260629,2393,1965,1975,1700
A0030412,20260629,2423,1965,1975,1700
A0002816,20260629,0,2035,2035,1700
A0002952,20260629,0,1999,1999,0
A0003411,20260629,0,1985,1985,0
A0002747,20260629,0,1933,1858,0
A0003198,20260629,0,1998,1975,1750
A0002896,20260629,0,1999,1979,0
A0003029,20260629,2479,1989,1989,1850
A0002898,20260629,0,1865,1865,0
A0000257,20260629,0,1958,1958,0
A0008147,20260629,0,1985,1975,1590
A0002959,20260629,0,1998,1988,0
A0002820,20260629,0,1959,1939,1700
A0002843,20260629,0,1995,1965,0
A0003277,20260629,0,1995,1995,0
A0002813,20260629,0,2020,2020,1650
A0032680,20260629,0,1874,1869,0
A0003340,20260629,2340,1874,1874,0
A0003311,20260629,0,1999,1999,1550
A0033078,20260629,0,1999,1999,1550
A0000852,20260629,2290,1932,1927,1500
A0003071,20260629,0,1998,1958,1800
A0003245,20260629,0,1957,1937,0
A0003434,20260629,2497,2097,2097,1800
A0029486,20260629,0,1898,1878,0
A0003178,20260629,0,1979,1963,0
A0003216,20260629,0,1984,1973,0
A0003162,20260629,0,2009,2016,0
A0002136,20260629,0,1995,1985,0
A0003281,20260629,0,1995,1995,0
A0002949,20260629,2340,1867,1827,0
A0003401,20260629,0,1899,1879,0
A0002989,20260629,0,1895,1895,0
A0003335,20260629,2488,1999,1998,0
A0002838,20260629,2477,1999,1999,0
A0002962,20260629,0,1998,1998,1700
A0033511,20260629,0,1895,1899,0
A0002934,20260629,2403,1911,1899,0
A0003235,20260629,2440,1960,1899,1460
A0006491,20260629,0,1932,1903,0
A0033431,20260629,2449,1894,1899,0
A0033711,20260629,2498,1895,1899,0
A0002091,20260629,2424,1895,1899,1550
A0002804,20260629,2379,1895,1895,1600
A0003091,20260629,0,1892,1859,1650
A0002865,20260629,0,1874,1869,1550
A0033642,20260629,0,1957,1897,0
A0008149,20260629,0,1928,1929,1450
A0003132,20260629,0,1874,1869,0
A0003088,20260629,0,1988,1978,1655
A0003301,20260629,0,1999,1999,1550
A0003436,20260629,0,2039,2028,0
A0033485,20260629,2498,1898,1887,0
A0033482,20260629,2498,1898,1887,0
A0002840,20260629,2355,1955,1945,1600
A0002967,20260629,0,1833,1833,0
A0007188,20260629,0,2098,2098,1600
A0002765,20260629,0,1997,1997,1700
A0002757,20260629,0,1999,1998,0
A0003247,20260629,0,1914,1895,1600
A0003023,20260629,0,1867,1827,1585
A0003249,20260629,2277,1898,1868,1650
A0003321,20260629,0,1932,1914,1629
A0003407,20260629,2460,1928,1919,0
A0011896,20260629,0,2069,2059,1800
A0011857,20260629,0,2045,2050,1600
A0011897,20260629,0,1964,1949,0
A0005025,20260629,0,1968,1948,1600
A0011891,20260629,0,1975,1965,1650
A0029295,20260629,0,1975,1965,0
A0004986,20260629,0,1964,1949,1799
A0011894,20260629,0,1998,1997,1600
A0004903,20260629,2354,1849,1823,1595
A0011866,20260629,0,1874,1874,0
A0001567,20260629,0,1874,1874,0
A0004941,20260629,2398,1964,1949,0
A0032695,20260629,0,1879,1879,1650
A0004713,20260629,2598,1894,1867,1580
A0011885,20260629,0,1839,1829,0
A0004484,20260629,0,1874,1874,0
A0004338,20260629,0,1874,1874,1500
A0011903,20260629,0,1892,1945,1600
A0004880,20260629,0,1955,1945,1600
A0004397,20260629,2580,2018,2008,0
A0004598,20260629,0,1998,1997,1650
A0005013,20260629,0,1978,1968,1700
A0004919,20260629,0,1964,1949,0
A0004620,20260629,2395,1985,1935,1590
A0004403,20260629,0,2079,2059,1730
A0033128,20260629,0,1968,1968,1600
A0004229,20260629,0,2089,2068,0
A0004482,20260629,0,1968,1968,0
A0004614,20260629,0,2018,1998,0
A0004329,20260629,0,0,0,1590
A0011836,20260629,0,1998,1939,0
A0004624,20260629,0,1989,1979,1690
A0004634,20260629,0,1895,1868,1600
A0004572,20260629,0,2025,1995,0
A0004410,20260629,0,1958,1948,0
A0004965,20260629,0,1934,1898,0
A0006307,20260629,0,1948,1898,0
A0011875,20260629,0,1939,1919,1650
A0004574,20260629,0,1979,1967,1600
A0004515,20260629,0,1998,1998,1600
A0011888,20260629,0,1894,1898,0
A0006419,20260629,0,1948,1945,1600
A0004416,20260629,0,1995,1995,1600
A0032687,20260629,0,1995,1919,1590
A0011851,20260629,0,1899,1899,1700
A0004374,20260629,0,1975,1975,1700
A0004380,20260629,0,1950,1950,0
A0004864,20260629,0,1895,1868,0
A0013718,20260629,0,1965,1945,1600
A0011868,20260629,2438,1968,1958,0
A0032686,20260629,0,1959,1958,1570
A0004450,20260629,0,1965,1945,1680
A0004881,20260629,0,1995,1995,1500
A0003534,20260629,0,1979,1979,1650
A0004783,20260629,0,1948,1948,1500
A0004560,20260629,0,1899,1869,1600
A0011879,20260629,0,1979,1929,0
A0011859,20260629,0,2098,2089,0
A0011873,20260629,0,1894,1898,1600
A0004884,20260629,0,1894,1898,1600
A0011905,20260629,0,1924,1950,1590
A0005043,20260629,0,1964,1898,0
A0004381,20260629,0,2047,2035,1700
A0004681,20260629,0,2035,2035,0
A0005036,20260629,0,1949,1898,0
A0004499,20260629,0,1898,1998,1799
A0004406,20260629,0,2078,2058,1630
A0009969,20260629,0,1985,1975,1600
A0004747,20260629,0,1995,1995,0
A0011902,20260629,0,1929,1898,1580
A0004876,20260629,0,1959,1938,1580
A0011874,20260629,0,1949,1929,1580
A0004606,20260629,0,1894,1948,1500
A0004724,20260629,0,1999,1999,1600
A0004595,20260629,0,2069,2068,1750
A0000265,20260629,0,2059,2048,0
A0009960,20260629,0,1874,1874,0
A0005031,20260629,0,1874,1874,1590
A0011882,20260629,0,1964,1949,0
A0011860,20260629,0,1893,1866,0
A0004833,20260629,0,1964,1949,1650
A0005006,20260629,0,1998,1987,0
A0004945,20260629,2398,1964,1949,0
A0011843,20260629,0,2028,2018,0
A0004875,20260629,0,1918,1918,1600
A0004883,20260629,0,1898,1898,1600
A0000136,20260629,0,1874,1874,0
A0011834,20260629,0,1973,1965,0
A0011858,20260629,0,1950,1950,0
A0004429,20260629,0,1998,1998,1600
A0011887,20260629,0,1978,1948,0
A0005903,20260629,0,1989,1934,1600
A0011893,20260629,0,1894,1898,0
A0011884,20260629,0,1998,1989,1600
A0011878,20260629,0,1969,1859,0
A0003640,20260629,2435,1995,1985,0
A0000445,20260629,2435,1995,1985,0
A0009118,20260629,2454,1948,1934,1665
A0004073,20260629,2454,1948,1934,1665
A0003480,20260629,2425,1884,1843,0
A0003804,20260629,0,1998,1988,0
A0003805,20260629,2365,1884,1958,0
A0033225,20260629,0,1985,1975,0
A0003898,20260629,0,1985,1975,0
A0023831,20260629,2395,1984,1988,1700
A0003638,20260629,0,1995,1975,1600
A0003525,20260629,2425,1985,1975,0
A0009094,20260629,0,1999,1999,0
A0033367,20260629,2360,1999,1989,0
A0003741,20260629,2425,1985,1975,0
A0004052,20260629,0,1869,1859,0
A0003748,20260629,2375,1945,1935,0
A0003563,20260629,2365,1884,1893,0
A0003453,20260629,2375,1999,1975,0
A0003461,20260629,2275,1864,1858,1600
A0004115,20260629,2425,1985,1975,0
A0003468,20260629,0,1974,1974,0
A0003479,20260629,0,1999,1975,1600
A0033536,20260629,2425,1985,1975,0
A0003503,20260629,0,1890,1870,1530
A0003712,20260629,2449,1944,1899,1624
A0003621,20260629,0,2015,2005,0
A0004200,20260629,2395,2025,1999,1650
A0004056,20260629,2500,1999,1998,0
A0004152,20260629,0,1995,1985,0
A0009024,20260629,0,1830,1830,1600
A0008995,20260629,0,1839,1839,1600
A0008978,20260629,0,1919,1919,1600
A0033207,20260629,0,1879,1859,0
A0004218,20260629,0,1942,1915,0
A0005662,20260629,0,1870,1865,0
A0009023,20260629,0,1861,1847,0
A0033568,20260629,0,1879,1869,0
A0002009,20260629,0,1929,1959,0
A0002704,20260629,0,2050,2050,1700
A0009021,20260629,0,1878,1878,0
A0002382,20260629,0,1899,1839,0
A0002732,20260629,0,1985,1989,0
A0002733,20260629,0,1989,1999,0
A0002467,20260629,0,1889,1879,0
A0007422,20260629,0,1935,1869,0
A0002064,20260629,0,1865,1859,0
A0002257,20260629,0,2089,2089,1978
A0009729,20260629,0,1998,1985,1600
A0021087,20260629,0,1978,1945,1700
A0002585,20260629,0,2003,1999,1630
A0002480,20260629,0,1958,1958,1630
A0002143,20260629,2480,1949,1935,0
A0008992,20260629,0,1894,1894,0
A0032926,20260629,0,1955,1945,1510
A0005108,20260629,2578,1899,1895,1630
A0033293,20260629,0,1928,1914,0
A0002619,20260629,2445,1928,1934,0
A0002599,20260629,2513,1928,1934,1630
A0002574,20260629,2455,1928,1924,0
A0002559,20260629,2445,1933,1932,1564
A0002606,20260629,0,1928,1933,1633
A0002589,20260629,2382,1923,1918,0
A0007530,20260629,2406,1928,1934,0
A0008925,20260629,2210,1928,1917,1565
A0009011,20260629,0,1855,1849,1700
A0002650,20260629,2298,1864,1853,0
A0002148,20260629,0,1865,1849,1700
A0002206,20260629,2475,1995,1995,1650
A0009022,20260629,0,1936,1876,1600
A0008923,20260629,0,1985,1965,1600
A0002230,20260629,0,2049,2039,0
A0002617,20260629,0,1872,1809,1510
A0002629,20260629,2395,1874,1813,0
A0001994,20260629,0,2058,2058,1700
A0033785,20260629,0,1998,1998,0
A0008924,20260629,2450,1995,1995,0
A0002428,20260629,0,2017,2050,1700
A0009019,20260629,0,1989,2029,0
A0006237,20260629,0,1978,1945,1600
A0002572,20260629,0,1889,1875,0
A0033754,20260629,0,1995,1985,0
A0002260,20260629,0,1919,1919,1580
A0002226,20260629,2345,1829,1809,0
A0033111,20260629,0,1985,1875,0
A0032719,20260629,0,1884,1895,0
A0001880,20260629,0,1949,1919,1550
A0002041,20260629,0,1998,1998,1700
A0002361,20260629,0,1886,1868,0
A0002601,20260629,0,1978,1968,0
A0002721,20260629,0,2015,1995,0
A0002216,20260629,0,1995,1975,0
A0002093,20260629,0,1979,1969,1550
A0033732,20260629,2458,1995,1985,1800
A0009008,20260629,2459,2069,1998,1700
A0002251,20260629,0,1999,1999,0
A0002367,20260629,0,1988,1993,0
A0002010,20260629,0,1885,1875,0
A0008935,20260629,0,1879,1959,1690
A0009163,20260629,0,1845,1809,0
A0002242,20260629,0,2034,2023,1800
A0002294,20260629,0,1973,2025,0
A0002259,20260629,0,2068,2068,0
A0001038,20260629,0,1998,1988,0
A0002423,20260629,0,2047,2027,0
A0032864,20260629,0,1859,1839,0
A0002265,20260629,0,1998,2028,1600
A0002703,20260629,0,1999,1989,0
A0033339,20260629,2398,1948,1938,0
A0002151,20260629,0,2025,2025,1650
A0009855,20260629,0,1965,1945,0
A0002330,20260629,0,1829,1810,1650
A0009004,20260629,0,1917,1887,1500
A0002171,20260629,0,2099,2099,0
A0002553,20260629,0,1995,1995,0
A0008986,20260629,0,2049,2039,1650
A0032920,20260629,0,1955,1945,0
A0002562,20260629,0,1864,1996,0
A0002561,20260629,0,1864,1996,0
A0011822,20260629,0,1830,1830,1500
A0033241,20260629,2449,1979,1979,0
A0005805,20260629,0,1829,1809,0
A0033760,20260629,0,1937,1917,0
A0002353,20260629,2399,1998,1995,0
A0002377,20260629,0,2028,1998,1700
A0002174,20260629,0,1989,1989,1600
A0002488,20260629,0,1829,1809,0
A0002204,20260629,0,1885,1875,0
A0031274,20260629,0,1855,1849,1600
A0033232,20260629,0,2023,2013,0
A0033442,20260629,0,1829,1819,0
A0007446,20260629,0,1999,1969,0
A0002237,20260629,2399,1999,1989,0
A0033251,20260629,2391,1993,1973,0
A0032966,20260629,0,1978,1928,0
A0002396,20260629,0,1935,1955,1500
A0007394,20260629,2399,1899,1859,1600
A0002232,20260629,0,1998,1998,1500
A0002593,20260629,0,1939,1919,1500
A0033802,20260629,2340,1829,1809,1590
A0005996,20260629,0,1954,1943,1600
A0000896,20260629,0,1999,1994,1630
A0002547,20260629,0,1999,1994,1630
A0009753,20260629,0,1827,1797,0
A0002266,20260629,0,2059,2059,1700
A0033277,20260629,2498,1864,1996,0
A0033276,20260629,2498,1998,1996,0
A0002146,20260629,0,1989,1979,1650
A0006986,20260629,0,1998,1978,1630
A0004740,20260629,2283,1827,1798,0
A0002481,20260629,0,1955,1875,1700
A0021509,20260629,0,1969,1959,1600
A0012870,20260629,0,1998,1987,1600
A0007418,20260629,0,1989,1959,0
A0033712,20260629,0,1877,1854,0
A0033352,20260629,0,1979,1979,0
A0002122,20260629,0,1935,1895,1500
A0002031,20260629,0,2098,2098,1700
A0002145,20260629,0,2134,2123,1750
A0000029,20260629,0,1999,2019,1650
A0033272,20260629,0,1889,1879,0
A0002187,20260629,0,2009,2009,1690
A0002153,20260629,0,2009,2004,1630
A0016597,20260629,0,1978,1937,1600
A0009009,20260629,0,2005,2000,1600
A0002274,20260629,0,1999,1997,1630
A0009002,20260629,2490,1919,1919,0
A0002333,20260629,0,1919,1919,1700
A0009006,20260629,2470,1829,1809,0
A0032865,20260629,2359,1899,1879,0
A0007231,20260629,0,2045,2035,1700
A0002086,20260629,0,1949,1949,0
A0009013,20260629,0,1998,1998,0
A0009012,20260629,0,1998,1998,0
A0009007,20260629,0,1967,1947,0
A0008934,20260629,0,1977,1967,0
A0002271,20260629,0,1859,1839,0
A0008967,20260629,0,1987,1977,1600
A0006935,20260629,2439,2058,2059,1650
A0033744,20260629,2389,1959,1949,0
A0009000,20260629,0,1870,1865,0
A0002364,20260629,2449,1979,1959,1690
A0002201,20260629,0,1982,1913,0
A0002116,20260629,0,1977,1967,0
A0001988,20260629,2395,2045,2035,1720
A0002125,20260629,0,1879,1869,1550
A0002197,20260629,0,2039,1998,0
A0002135,20260629,0,1990,1989,1600
A0033173,20260629,0,1987,1977,1700
A0002623,20260629,0,1898,1895,1600
A0002662,20260629,0,1999,1997,0
A0033532,20260629,2340,1829,1809,1600
A0008756,20260629,0,1898,1886,0
A0002159,20260629,0,1965,1955,1550
A0002284,20260629,0,2029,2029,0
A0002479,20260629,0,2078,2068,1700
A0008931,20260629,0,2039,1999,0
A0017620,20260629,0,1826,1807,0
A0002322,20260629,2375,1885,1875,1650
A0002342,20260629,0,1899,1899,0
A0002282,20260629,0,2065,2035,0
A0008959,20260629,0,2089,2089,1950
A0007213,20260629,0,2078,2078,1650
A0002253,20260629,0,1939,1919,0
A0002494,20260629,0,1829,1809,0
A0008993,20260629,0,1829,1809,0
A0009774,20260629,0,1878,1858,0
A0002233,20260629,0,2039,2029,1700
A0008991,20260629,0,1998,1997,0
A0033211,20260629,0,1886,1878,0
A0007409,20260629,0,1938,1928,1600
A0002694,20260629,0,0,1993,1600
A0008928,20260629,0,1998,1998,1600
A0002546,20260629,0,1995,1993,1600
A0009017,20260629,0,1985,1985,0
A0002155,20260629,0,2034,1998,0
A0002424,20260629,0,2038,1999,0
A0002400,20260629,0,1999,2019,1650
A0033105,20260629,2378,1948,1938,0
A0008939,20260629,0,1859,1839,1600
A0002055,20260629,0,1965,1945,0
A0002389,20260629,0,1895,1899,0
A0007412,20260629,2444,1894,1899,0
A0008969,20260629,0,1916,1899,1450
A0032923,20260629,0,1895,1899,0
A0009444,20260629,0,1995,1898,0
A0002611,20260629,2430,1969,1959,0
A0002181,20260629,0,2029,2059,1400
A0002028,20260629,0,2110,2110,0
A0008972,20260629,0,1998,1987,1750
A0002577,20260629,0,1877,1877,0
A0032949,20260629,0,1973,1953,0
A0006840,20260629,0,1898,1878,1600
A0002347,20260629,0,1995,1978,1550
A0033632,20260629,0,1899,1889,0
A0005663,20260629,0,1957,1937,1700
A0008989,20260629,0,1965,1935,0
A0002371,20260629,0,1999,1999,0
A0033822,20260629,2258,1934,1934,0
A0002659,20260629,2394,1975,1955,1540
A0008982,20260629,0,1899,1899,0
A0002348,20260629,0,1959,1939,1650
A0008946,20260629,0,2097,2097,0
A0002658,20260629,0,2037,2047,0
A0002124,20260629,0,1884,2023,1630
A0001569,20260629,2398,1968,1948,1600
A0002427,20260629,0,1985,1985,1650
A0000329,20260629,0,2039,2029,1700
A0002565,20260629,0,1914,1919,0
A0002127,20260629,0,2059,2059,0
A0009020,20260629,0,1965,1809,1700
A0008921,20260629,0,1965,1965,1650
A0008997,20260629,2296,1829,1809,0
A0012318,20260629,0,1992,1982,0
A0002410,20260629,0,1997,1987,1697
A0008936,20260629,2395,1978,1945,1600
A0002016,20260629,0,1885,1986,1630
A0002165,20260629,0,1969,1989,0
A0033684,20260629,0,1918,1918,1600
A0002539,20260629,0,1829,1809,0
A0006039,20260629,2598,2095,2035,0
A0001219,20260629,2399,2007,1999,0
A0009061,20260629,2450,1959,1949,0
A0001217,20260629,2648,2398,2298,0
A0009707,20260629,2970,2698,2598,0
A0001213,20260629,2518,1998,1988,0
A0010236,20260629,2395,1924,1914,0
A0009738,20260629,2395,1924,1914,0
A0009838,20260629,2326,1937,1933,0
A0009725,20260629,2585,1974,1964,0
A0010229,20260629,2395,1924,1914,1665
A0009710,20260629,2960,2648,2540,2130
A0010207,20260629,2450,2040,2030,0
A0009715,20260629,2898,2498,2398,0
A0010269,20260629,2385,1989,1979,0
A0009705,20260629,2590,2085,2050,0
A0009712,20260629,2598,2095,2035,0
A0010177,20260629,2766,2366,2256,0
A0010232,20260629,2798,2448,2407,0
A0009828,20260629,0,1967,1949,0
A0001214,20260629,2645,2195,2145,0
A0009835,20260629,2365,1919,1909,0
A0009837,20260629,0,1998,1988,0
A0009829,20260629,0,2073,2054,0
A0001185,20260629,2465,1948,1922,0
A0009974,20260629,2598,1928,1922,0
A0009724,20260629,2549,2049,2049,0
A0009805,20260629,0,2048,2038,0
A0001839,20260629,2476,2046,2036,0
A0005701,20260629,2429,1999,1989,1800
A0009807,20260629,2454,2069,1999,1620
A0009743,20260629,0,2088,2078,0
A0010188,20260629,2348,1948,1935,0
A0009793,20260629,0,1947,1939,0
A0009804,20260629,2395,1996,1986,1800
A0009814,20260629,0,1899,1892,0
A0009827,20260629,2495,2055,2045,0
A0009824,20260629,2499,1929,1919,0
A0000660,20260629,0,1887,1863,0
A0000189,20260629,2350,1840,1819,0
A0009641,20260629,0,1840,1819,1700
A0009640,20260629,2350,1840,1819,0
A0009645,20260629,0,1974,1945,1700
A0009610,20260629,0,1840,1819,0
A0009678,20260629,2599,1977,1977,0
A0009665,20260629,0,1887,1887,0
A0009608,20260629,0,1997,1987,0
A0000394,20260629,0,2014,1999,0
A0000491,20260629,0,1854,1853,1600
A0033271,20260629,0,2025,2010,0
A0000547,20260629,2314,1948,1914,0
A0000546,20260629,2327,1914,1916,1682
A0033328,20260629,2385,1855,1849,0
A0000550,20260629,2314,1899,1889,0
A0000501,20260629,0,1887,1957,0
A0000500,20260629,0,1879,1868,1700
A0000474,20260629,0,1999,1999,1799
A0000480,20260629,0,1869,1869,0
A0032866,20260629,0,1859,1858,0
A0004657,20260629,0,1887,1989,0
A0000544,20260629,2386,1999,1987,1800
A0033194,20260629,2386,1979,1978,0
A0033214,20260629,2386,1979,1978,0
A0000468,20260629,2386,1999,1988,0
A0000582,20260629,0,1879,1868,0
A0000482,20260629,2368,1898,1888,0
A0000508,20260629,2388,1934,1923,0
A0000560,20260629,2385,1976,1976,0
A0033751,20260629,0,2015,1983,0
A0000161,20260629,0,2148,2135,0
A0033659,20260629,2368,1934,1923,0
A0000530,20260629,2326,1938,1898,0
A0000567,20260629,0,1925,1925,1595
A0000549,20260629,0,1840,1808,0
A0000498,20260629,0,2153,2098,0
A0000534,20260629,2498,2098,2048,0
A0000520,20260629,2348,1987,1987,0
A0000565,20260629,2399,1976,1976,0
A0000519,20260629,0,1854,1808,0
A0000526,20260629,2386,1926,1896,0
A0009272,20260629,0,1894,1894,1600
A0001149,20260629,2474,1894,1894,0
A0000655,20260629,2548,2198,2188,0
A0001129,20260629,2424,2025,1969,0
A0001144,20260629,2365,1869,1816,1480
A0001157,20260629,2325,1885,1885,0
A0009536,20260629,0,2125,2085,0
A0001145,20260629,2414,1954,1948,0
A0001155,20260629,2325,1895,1895,1490
A0001152,20260629,0,1898,1898,0
A0001119,20260629,0,1936,1916,0
A0009284,20260629,0,1898,1898,0
A0001089,20260629,0,2034,2023,0
A0009421,20260629,0,1840,1819,0
A0006665,20260629,0,1994,1984,0
A0009357,20260629,0,1840,1819,0
A0009358,20260629,0,1919,1904,0
A0009351,20260629,2324,1921,1904,0
A0009411,20260629,2300,1978,1975,0
A0009765,20260629,2469,1844,1823,1590
A0009834,20260629,2469,1982,1982,0
A0009330,20260629,2529,1977,1975,0
A0009413,20260629,2498,1978,1978,0
A0004458,20260629,2324,1931,1897,0
A0000854,20260629,2340,1840,1808,0
A0000648,20260629,2898,1969,2538,0
A0000849,20260629,0,1895,1895,0
A0000844,20260629,2294,1884,1924,0
A0006667,20260629,2340,1840,1808,0
A0032712,20260629,0,1979,1976,0
A0000792,20260629,0,2320,2250,1790
A0000791,20260629,0,1924,1914,0
A0000833,20260629,2444,1924,1914,0
A0033149,20260629,0,1899,1889,0
A0000850,20260629,2450,1989,1974,0
A0000855,20260629,2470,1988,1988,0
A0000350,20260629,0,2299,2299,0
A0000818,20260629,2599,1976,1973,0
A0000827,20260629,0,1927,1917,0
A0000856,20260629,0,1979,1976,0
A0000830,20260629,2350,1985,1975,0
A0000812,20260629,2430,1920,1922,0
A0001086,20260629,0,1844,1844,1600
A0001164,20260629,2345,1839,1838,1598
A0001055,20260629,2309,1930,1914,0
A0001146,20260629,2289,1849,1797,1519
A0001132,20260629,0,1833,1833,0
A0001141,20260629,0,1849,1849,0
A0016244,20260629,0,1935,1935,1550
A0001108,20260629,2289,1964,1953,0
A0001139,20260629,2348,1888,1877,1600
A0001075,20260629,0,2045,1995,0
A0010138,20260629,0,1983,1972,1800
A0009663,20260629,2389,1891,1891,0
A0010136,20260629,0,1891,1835,0
A0010123,20260629,2498,2048,2030,0
A0010111,20260629,0,1997,1991,0
A0028817,20260629,2390,1978,1977,1650
A0010124,20260629,0,2020,2010,1900
A0010108,20260629,2389,1976,1974,0
A0010117,20260629,0,2045,2045,0
A0010090,20260629,2449,1999,1999,0
A0010121,20260629,2495,1977,1975,0
A0010104,20260629,2397,1998,1988,0
A0010095,20260629,2396,1979,1956,0
A0010118,20260629,2970,1997,1995,0
A0009676,20260629,2380,1840,1819,0
A0009680,20260629,2369,1885,1885,0
A0009669,20260629,2473,1924,1914,1666
A0000074,20260629,0,1965,1949,0
A0010135,20260629,0,1899,1889,0
A0009668,20260629,0,1869,1849,1710
A0010146,20260629,2380,1887,1887,0
A0009677,20260629,2380,1977,1975,0
A0009845,20260629,0,1965,1918,0
A0009682,20260629,0,1840,1819,0
A0032674,20260629,2380,1840,1819,0
A0009254,20260629,0,1968,1958,1530
A0009232,20260629,2350,1840,1819,0
A0009143,20260629,0,1849,1824,0
A0009195,20260629,2390,1946,1899,0
A0009210,20260629,2450,1989,1975,0
A0009222,20260629,2599,1993,2030,0
A0009215,20260629,0,1889,1885,0
A0009248,20260629,0,2027,2017,0
A0009229,20260629,0,1999,1989,0
A0009233,20260629,0,2078,2068,1700
A0009231,20260629,0,1849,1824,0
A0009173,20260629,2395,1849,1824,0
A0009172,20260629,0,1895,1895,0
A0009240,20260629,0,1999,2058,0
A0009177,20260629,0,2025,1995,1800
A0000425,20260629,2347,1963,1924,0
A0000426,20260629,2349,1958,1924,0
A0000430,20260629,2337,1963,1924,0
A0009553,20260629,0,2089,2079,1810
A0000379,20260629,0,2185,2175,0
A0000428,20260629,2487,1869,1859,0
A0000368,20260629,0,1895,1895,0
A0000163,20260629,2760,2084,2053,0
A0000164,20260629,0,1958,1928,0
A0000139,20260629,2379,1889,1884,0
A0000129,20260629,2399,1893,1819,0
A0000146,20260629,0,1898,1884,0
A0000120,20260629,2399,2039,2019,0
A0000169,20260629,0,1898,1889,1698
A0000173,20260629,2548,2089,2039,0
A0000182,20260629,2399,2039,2019,0
A0032673,20260629,0,2075,2035,1650
A0000159,20260629,2398,1898,1889,0
A0000623,20260629,0,1887,1978,0
A0000178,20260629,0,1887,1974,0
A0000744,20260629,2380,1968,1879,0
A0000585,20260629,0,1999,1989,0
A0000568,20260629,0,2028,2018,1750
A0000134,20260629,2394,1994,1988,0
A0000737,20260629,0,1967,1996,0
A0000632,20260629,2379,1988,1977,0
A0000746,20260629,0,1889,1878,0
A0000591,20260629,2438,2008,1998,0
A0000747,20260629,2498,1895,1885,0
A0001193,20260629,2420,1970,1919,0
A0000716,20260629,2374,1887,1897,0
A0000627,20260629,2380,1943,1958,0
A0000928,20260629,0,1888,1888,0
A0009886,20260629,2598,2388,2258,0
A0009912,20260629,2365,1948,1938,0
A0009905,20260629,2395,1949,1924,0
A0009913,20260629,2454,1949,1914,0
A0009919,20260629,2368,1924,1921,1665
A0000919,20260629,2395,1949,1914,0
A0000894,20260629,2365,1898,1898,0
A0011826,20260629,0,1864,1997,0
A0009906,20260629,2365,1919,1919,0
A0000916,20260629,2450,1978,1978,0
A0000915,20260629,2580,2023,1999,1790
A0009901,20260629,2415,1976,1976,1800
A0009916,20260629,2397,1847,1847,0
A0009917,20260629,2438,1978,1978,0
A0009869,20260629,2436,1956,1946,0
A0000866,20260629,2365,1948,1938,0
A0000917,20260629,2409,1899,1909,1800
A0009890,20260629,2365,1948,1938,0
A0009918,20260629,2389,1989,1977,0
A0000863,20260629,2395,1959,1925,0
A0009920,20260629,2398,1998,1996,1520
A0011828,20260629,2451,1998,1996,0
A0009881,20260629,0,1923,1923,0
A0009889,20260629,2418,1919,1912,0
A0009907,20260629,2475,1928,1922,0
A0009861,20260629,2400,2000,1999,0
A0000908,20260629,2528,1938,1922,0
A0000890,20260629,2411,1904,1910,0
A0011816,20260629,2435,1995,1985,0
A0009361,20260629,0,1840,1819,0
A0009392,20260629,2821,2421,2331,0
A0009376,20260629,2408,1946,1913,0
A0009354,20260629,2370,1922,1922,0
A0002243,20260629,2398,1953,1924,0
A0009394,20260629,0,1894,1884,0
A0009359,20260629,2389,1873,1824,0
A0009349,20260629,2389,1873,1824,0
A0009293,20260629,2399,1840,1819,0
A0009279,20260629,2691,2334,2295,1890
A0010154,20260629,2587,2099,2098,0
A0009260,20260629,2713,1998,1995,0
A0006095,20260629,2408,1978,1968,0
A0009332,20260629,0,1934,1928,0
A0009324,20260629,2437,1907,1919,1680
A0009285,20260629,2695,2395,2385,1695
A0009500,20260629,0,1899,1899,0
A0009501,20260629,2473,2073,2063,1600
A0009508,20260629,2315,1924,1926,0
A0009511,20260629,2314,1919,1907,0
A0009514,20260629,2392,1921,1907,0
A0009480,20260629,2399,1899,1889,0
A0009507,20260629,2454,1979,1979,0
A0000335,20260629,0,1839,1817,0
A0009466,20260629,2398,1998,1997,0
A0009515,20260629,2385,1887,1887,0
A0026419,20260629,2548,2148,2098,0
A0009496,20260629,2385,1987,1987,0
A0009463,20260629,0,1889,1889,0
A0009488,20260629,0,2599,2589,0
A0009490,20260629,0,1998,1996,0
A0009492,20260629,2389,1840,1819,0
A0001257,20260629,0,1840,1819,1890
A0009512,20260629,0,1977,1975,0
A0009502,20260629,0,1895,1885,0
A0009520,20260629,2458,1928,1948,0
A0009121,20260629,0,1970,1939,1636
A0011830,20260629,0,1898,1898,0
A0010053,20260629,2295,1923,1913,0
A0010020,20260629,2370,1963,1961,0
A0010010,20260629,2290,1950,1950,1650
A0010034,20260629,2364,1928,1918,0
A0010162,20260629,2364,1928,1918,1664
A0033424,20260629,0,1887,1878,0
A0010172,20260629,2444,1974,1963,0
A0009985,20260629,2444,2038,1968,1620
A0010031,20260629,2444,2038,1968,1620
A0010174,20260629,2302,1995,1959,0
A0000015,20260629,0,1986,1979,0
A0009932,20260629,0,1887,1877,1800
A0010175,20260629,2398,1997,1987,1800
A0010037,20260629,0,2034,2013,0
A0010183,20260629,2397,2034,1997,0
A0010167,20260629,2294,1934,1923,0
A0009989,20260629,0,1887,1878,1600
A0010023,20260629,2285,1885,1885,0
A0009939,20260629,0,1898,1897,0
A0010021,20260629,2495,2048,2021,0
A0033600,20260629,2394,1993,1983,0
A0009938,20260629,0,1950,1939,0
A0033059,20260629,2448,1918,1914,0
A0033343,20260629,2411,1903,1899,0
A0010048,20260629,2294,1934,1924,0
A0001029,20260629,0,1984,1984,0
A0001024,20260629,0,1859,1809,1499
A0001022,20260629,2399,1854,1804,1589
A0001027,20260629,2454,1984,1983,0
A0001023,20260629,0,1840,1808,0
A0000981,20260629,0,1987,1987,0
A0000990,20260629,2398,1968,1963,1498
A0001015,20260629,0,1840,1808,0
A0000985,20260629,0,1968,1963,0
A0000944,20260629,0,1883,1877,0
A0000974,20260629,0,2099,2089,1890
A0000992,20260629,0,1958,1958,1700
A0001031,20260629,0,2048,1998,0
A0001008,20260629,2390,1989,1986,0
A0000948,20260629,0,1879,1988,0
A0000011,20260629,2385,1840,1808,0
A0000991,20260629,2454,1949,1939,0
A0007701,20260629,0,1908,1884,0
A0000996,20260629,2395,1945,1900,0
A0000961,20260629,2395,1945,1900,0
A0001005,20260629,0,1840,1808,0
A0000983,20260629,2498,2014,2013,0
A0000400,20260629,0,1889,1879,0
A0000421,20260629,2599,2014,1879,1628
A0000444,20260629,0,1889,1879,0
A0000323,20260629,0,1875,1875,0
A0000290,20260629,2324,1948,1904,1683
A0000308,20260629,2730,2235,2195,0
A0000316,20260629,2851,2295,2265,1600
A0000327,20260629,2434,1884,1824,0
A0000431,20260629,2398,1869,1808,1500
A0000309,20260629,0,1884,1824,0
A0000410,20260629,2399,1999,1987,0
A0000346,20260629,2384,1884,1873,0
A0000412,20260629,2599,1984,1959,0
A0001034,20260629,0,1889,1879,0
A0000287,20260629,2645,2295,2265,1690
A0000279,20260629,0,1958,1933,0
A0000443,20260629,0,1889,1879,0
A0000442,20260629,2475,2034,2023,0
A0000270,20260629,2395,2028,2023,0
A0000427,20260629,0,1889,1879,0
A0000324,20260629,2501,1970,1950,1436
A0000292,20260629,2460,1928,1912,1750
A0000433,20260629,2399,1997,1973,0
A0000408,20260629,0,1984,1879,0
A0000206,20260629,2884,2248,2248,0
A0000245,20260629,2670,2196,2189,1808
A0000225,20260629,2670,2196,2189,1850
A0000925,20260629,2728,1964,1950,1399
A0000240,20260629,2525,1984,1964,0
A0000232,20260629,2493,1967,1949,1656
A0000230,20260629,2300,1954,1943,0
A0000229,20260629,2494,1975,1954,0
A0000223,20260629,2695,2295,2255,1650
A0000228,20260629,2797,2277,2217,0
A0000238,20260629,2797,2277,2217,0
A0000221,20260629,2800,2490,2390,0
A0000686,20260629,2312,1971,1961,1794
A0000707,20260629,0,1899,1889,0
A0005900,20260629,2599,1970,1960,0
A0000619,20260629,0,1999,1989,0
A0033131,20260629,0,1971,1971,0
A0000683,20260629,2450,1989,1985,0
A0000687,20260629,0,1971,1961,1800
A0000745,20260629,2312,1971,1961,0
A0000725,20260629,2312,1971,1961,0
A0000680,20260629,2312,1971,1961,0
A0000690,20260629,2400,1970,1919,0
A0000704,20260629,0,2113,2103,0
A0000571,20260629,0,1884,1874,1700
A0010027,20260629,2895,2485,2455,1950
A0009433,20260629,2548,1998,1988,0
A0000045,20260629,2829,2489,2439,0
A0000035,20260629,2640,2227,2201,0
A0002211,20260629,2698,2218,2198,1700
A0000064,20260629,2596,2179,2159,0
A0000069,20260629,2600,2182,2155,0
A0009071,20260629,2369,1980,1964,1683
A0006093,20260629,2374,1994,1969,1600
A0009100,20260629,2490,2054,1995,0
A0000767,20260629,0,2690,2680,0
A0009096,20260629,2798,2398,2398,1750
A0009097,20260629,2374,1994,1969,0
A0009073,20260629,0,2075,1995,0
A0009101,20260629,2450,2180,2140,0
A0009076,20260629,2416,1994,1994,0
A0009047,20260629,2968,2498,2488,1848
A0009189,20260629,2269,1879,1869,0
A0009203,20260629,2395,1840,1819,0
A0002227,20260629,2394,1978,1975,0
A0009217,20260629,0,1850,1819,0
A0009130,20260629,2260,1840,1819,1700
A0009180,20260629,2395,1978,1975,0
A0009158,20260629,0,1840,1819,0
A0009220,20260629,0,2068,2048,0
A0004216,20260629,0,1998,1998,1600
A0010071,20260629,0,1988,2048,0
A0032696,20260629,2397,1847,1827,0
A0010081,20260629,0,1998,1998,1700
A0009138,20260629,2260,1978,1975,0
